# Minesweeper 3D - generated mine (tools/assets/generate.py)
# Original geometry, released with the game; no third-party model data.
# vertices: 1029  triangles: 1328
o mine
v 0.0000 1.0000 0.0000
v 0.0000 1.0000 0.0000
v 0.0000 1.0000 0.0000
v 0.0000 1.0000 0.0000
v 0.0000 1.0000 0.0000
v 0.0000 1.0000 0.0000
v 0.0000 1.0000 0.0000
v 0.0000 1.0000 0.0000
v 0.0000 1.0000 0.0000
v -0.0000 1.0000 0.0000
v -0.0000 1.0000 0.0000
v -0.0000 1.0000 0.0000
v -0.0000 1.0000 0.0000
v -0.0000 1.0000 0.0000
v -0.0000 1.0000 0.0000
v -0.0000 1.0000 0.0000
v -0.0000 1.0000 0.0000
v -0.0000 1.0000 -0.0000
v -0.0000 1.0000 -0.0000
v -0.0000 1.0000 -0.0000
v -0.0000 1.0000 -0.0000
v -0.0000 1.0000 -0.0000
v -0.0000 1.0000 -0.0000
v -0.0000 1.0000 -0.0000
v -0.0000 1.0000 -0.0000
v 0.0000 1.0000 -0.0000
v 0.0000 1.0000 -0.0000
v 0.0000 1.0000 -0.0000
v 0.0000 1.0000 -0.0000
v 0.0000 1.0000 -0.0000
v 0.0000 1.0000 -0.0000
v 0.0000 1.0000 -0.0000
v 0.0000 1.0000 -0.0000
v 0.1564 0.9877 0.0000
v 0.1534 0.9877 0.0305
v 0.1445 0.9877 0.0599
v 0.1301 0.9877 0.0869
v 0.1106 0.9877 0.1106
v 0.0869 0.9877 0.1301
v 0.0599 0.9877 0.1445
v 0.0305 0.9877 0.1534
v 0.0000 0.9877 0.1564
v -0.0305 0.9877 0.1534
v -0.0599 0.9877 0.1445
v -0.0869 0.9877 0.1301
v -0.1106 0.9877 0.1106
v -0.1301 0.9877 0.0869
v -0.1445 0.9877 0.0599
v -0.1534 0.9877 0.0305
v -0.1564 0.9877 0.0000
v -0.1534 0.9877 -0.0305
v -0.1445 0.9877 -0.0599
v -0.1301 0.9877 -0.0869
v -0.1106 0.9877 -0.1106
v -0.0869 0.9877 -0.1301
v -0.0599 0.9877 -0.1445
v -0.0305 0.9877 -0.1534
v -0.0000 0.9877 -0.1564
v 0.0305 0.9877 -0.1534
v 0.0599 0.9877 -0.1445
v 0.0869 0.9877 -0.1301
v 0.1106 0.9877 -0.1106
v 0.1301 0.9877 -0.0869
v 0.1445 0.9877 -0.0599
v 0.1534 0.9877 -0.0305
v 0.1564 0.9877 -0.0000
v 0.3090 0.9511 0.0000
v 0.3031 0.9511 0.0603
v 0.2855 0.9511 0.1183
v 0.2569 0.9511 0.1717
v 0.2185 0.9511 0.2185
v 0.1717 0.9511 0.2569
v 0.1183 0.9511 0.2855
v 0.0603 0.9511 0.3031
v 0.0000 0.9511 0.3090
v -0.0603 0.9511 0.3031
v -0.1183 0.9511 0.2855
v -0.1717 0.9511 0.2569
v -0.2185 0.9511 0.2185
v -0.2569 0.9511 0.1717
v -0.2855 0.9511 0.1183
v -0.3031 0.9511 0.0603
v -0.3090 0.9511 0.0000
v -0.3031 0.9511 -0.0603
v -0.2855 0.9511 -0.1183
v -0.2569 0.9511 -0.1717
v -0.2185 0.9511 -0.2185
v -0.1717 0.9511 -0.2569
v -0.1183 0.9511 -0.2855
v -0.0603 0.9511 -0.3031
v -0.0000 0.9511 -0.3090
v 0.0603 0.9511 -0.3031
v 0.1183 0.9511 -0.2855
v 0.1717 0.9511 -0.2569
v 0.2185 0.9511 -0.2185
v 0.2569 0.9511 -0.1717
v 0.2855 0.9511 -0.1183
v 0.3031 0.9511 -0.0603
v 0.3090 0.9511 -0.0000
v 0.4540 0.8910 0.0000
v 0.4453 0.8910 0.0886
v 0.4194 0.8910 0.1737
v 0.3775 0.8910 0.2522
v 0.3210 0.8910 0.3210
v 0.2522 0.8910 0.3775
v 0.1737 0.8910 0.4194
v 0.0886 0.8910 0.4453
v 0.0000 0.8910 0.4540
v -0.0886 0.8910 0.4453
v -0.1737 0.8910 0.4194
v -0.2522 0.8910 0.3775
v -0.3210 0.8910 0.3210
v -0.3775 0.8910 0.2522
v -0.4194 0.8910 0.1737
v -0.4453 0.8910 0.0886
v -0.4540 0.8910 0.0000
v -0.4453 0.8910 -0.0886
v -0.4194 0.8910 -0.1737
v -0.3775 0.8910 -0.2522
v -0.3210 0.8910 -0.3210
v -0.2522 0.8910 -0.3775
v -0.1737 0.8910 -0.4194
v -0.0886 0.8910 -0.4453
v -0.0000 0.8910 -0.4540
v 0.0886 0.8910 -0.4453
v 0.1737 0.8910 -0.4194
v 0.2522 0.8910 -0.3775
v 0.3210 0.8910 -0.3210
v 0.3775 0.8910 -0.2522
v 0.4194 0.8910 -0.1737
v 0.4453 0.8910 -0.0886
v 0.4540 0.8910 -0.0000
v 0.5878 0.8090 0.0000
v 0.5765 0.8090 0.1147
v 0.5430 0.8090 0.2249
v 0.4887 0.8090 0.3266
v 0.4156 0.8090 0.4156
v 0.3266 0.8090 0.4887
v 0.2249 0.8090 0.5430
v 0.1147 0.8090 0.5765
v 0.0000 0.8090 0.5878
v -0.1147 0.8090 0.5765
v -0.2249 0.8090 0.5430
v -0.3266 0.8090 0.4887
v -0.4156 0.8090 0.4156
v -0.4887 0.8090 0.3266
v -0.5430 0.8090 0.2249
v -0.5765 0.8090 0.1147
v -0.5878 0.8090 0.0000
v -0.5765 0.8090 -0.1147
v -0.5430 0.8090 -0.2249
v -0.4887 0.8090 -0.3266
v -0.4156 0.8090 -0.4156
v -0.3266 0.8090 -0.4887
v -0.2249 0.8090 -0.5430
v -0.1147 0.8090 -0.5765
v -0.0000 0.8090 -0.5878
v 0.1147 0.8090 -0.5765
v 0.2249 0.8090 -0.5430
v 0.3266 0.8090 -0.4887
v 0.4156 0.8090 -0.4156
v 0.4887 0.8090 -0.3266
v 0.5430 0.8090 -0.2249
v 0.5765 0.8090 -0.1147
v 0.5878 0.8090 -0.0000
v 0.7071 0.7071 0.0000
v 0.6935 0.7071 0.1379
v 0.6533 0.7071 0.2706
v 0.5879 0.7071 0.3928
v 0.5000 0.7071 0.5000
v 0.3928 0.7071 0.5879
v 0.2706 0.7071 0.6533
v 0.1379 0.7071 0.6935
v 0.0000 0.7071 0.7071
v -0.1379 0.7071 0.6935
v -0.2706 0.7071 0.6533
v -0.3928 0.7071 0.5879
v -0.5000 0.7071 0.5000
v -0.5879 0.7071 0.3928
v -0.6533 0.7071 0.2706
v -0.6935 0.7071 0.1379
v -0.7071 0.7071 0.0000
v -0.6935 0.7071 -0.1379
v -0.6533 0.7071 -0.2706
v -0.5879 0.7071 -0.3928
v -0.5000 0.7071 -0.5000
v -0.3928 0.7071 -0.5879
v -0.2706 0.7071 -0.6533
v -0.1379 0.7071 -0.6935
v -0.0000 0.7071 -0.7071
v 0.1379 0.7071 -0.6935
v 0.2706 0.7071 -0.6533
v 0.3928 0.7071 -0.5879
v 0.5000 0.7071 -0.5000
v 0.5879 0.7071 -0.3928
v 0.6533 0.7071 -0.2706
v 0.6935 0.7071 -0.1379
v 0.7071 0.7071 -0.0000
v 0.8090 0.5878 0.0000
v 0.7935 0.5878 0.1578
v 0.7474 0.5878 0.3096
v 0.6727 0.5878 0.4495
v 0.5721 0.5878 0.5721
v 0.4495 0.5878 0.6727
v 0.3096 0.5878 0.7474
v 0.1578 0.5878 0.7935
v 0.0000 0.5878 0.8090
v -0.1578 0.5878 0.7935
v -0.3096 0.5878 0.7474
v -0.4495 0.5878 0.6727
v -0.5721 0.5878 0.5721
v -0.6727 0.5878 0.4495
v -0.7474 0.5878 0.3096
v -0.7935 0.5878 0.1578
v -0.8090 0.5878 0.0000
v -0.7935 0.5878 -0.1578
v -0.7474 0.5878 -0.3096
v -0.6727 0.5878 -0.4495
v -0.5721 0.5878 -0.5721
v -0.4495 0.5878 -0.6727
v -0.3096 0.5878 -0.7474
v -0.1578 0.5878 -0.7935
v -0.0000 0.5878 -0.8090
v 0.1578 0.5878 -0.7935
v 0.3096 0.5878 -0.7474
v 0.4495 0.5878 -0.6727
v 0.5721 0.5878 -0.5721
v 0.6727 0.5878 -0.4495
v 0.7474 0.5878 -0.3096
v 0.7935 0.5878 -0.1578
v 0.8090 0.5878 -0.0000
v 0.8910 0.4540 0.0000
v 0.8739 0.4540 0.1738
v 0.8232 0.4540 0.3410
v 0.7408 0.4540 0.4950
v 0.6300 0.4540 0.6300
v 0.4950 0.4540 0.7408
v 0.3410 0.4540 0.8232
v 0.1738 0.4540 0.8739
v 0.0000 0.4540 0.8910
v -0.1738 0.4540 0.8739
v -0.3410 0.4540 0.8232
v -0.4950 0.4540 0.7408
v -0.6300 0.4540 0.6300
v -0.7408 0.4540 0.4950
v -0.8232 0.4540 0.3410
v -0.8739 0.4540 0.1738
v -0.8910 0.4540 0.0000
v -0.8739 0.4540 -0.1738
v -0.8232 0.4540 -0.3410
v -0.7408 0.4540 -0.4950
v -0.6300 0.4540 -0.6300
v -0.4950 0.4540 -0.7408
v -0.3410 0.4540 -0.8232
v -0.1738 0.4540 -0.8739
v -0.0000 0.4540 -0.8910
v 0.1738 0.4540 -0.8739
v 0.3410 0.4540 -0.8232
v 0.4950 0.4540 -0.7408
v 0.6300 0.4540 -0.6300
v 0.7408 0.4540 -0.4950
v 0.8232 0.4540 -0.3410
v 0.8739 0.4540 -0.1738
v 0.8910 0.4540 -0.0000
v 0.9511 0.3090 0.0000
v 0.9328 0.3090 0.1855
v 0.8787 0.3090 0.3640
v 0.7908 0.3090 0.5284
v 0.6725 0.3090 0.6725
v 0.5284 0.3090 0.7908
v 0.3640 0.3090 0.8787
v 0.1855 0.3090 0.9328
v 0.0000 0.3090 0.9511
v -0.1855 0.3090 0.9328
v -0.3640 0.3090 0.8787
v -0.5284 0.3090 0.7908
v -0.6725 0.3090 0.6725
v -0.7908 0.3090 0.5284
v -0.8787 0.3090 0.3640
v -0.9328 0.3090 0.1855
v -0.9511 0.3090 0.0000
v -0.9328 0.3090 -0.1855
v -0.8787 0.3090 -0.3640
v -0.7908 0.3090 -0.5284
v -0.6725 0.3090 -0.6725
v -0.5284 0.3090 -0.7908
v -0.3640 0.3090 -0.8787
v -0.1855 0.3090 -0.9328
v -0.0000 0.3090 -0.9511
v 0.1855 0.3090 -0.9328
v 0.3640 0.3090 -0.8787
v 0.5284 0.3090 -0.7908
v 0.6725 0.3090 -0.6725
v 0.7908 0.3090 -0.5284
v 0.8787 0.3090 -0.3640
v 0.9328 0.3090 -0.1855
v 0.9511 0.3090 -0.0000
v 0.9877 0.1564 0.0000
v 0.9687 0.1564 0.1927
v 0.9125 0.1564 0.3780
v 0.8212 0.1564 0.5487
v 0.6984 0.1564 0.6984
v 0.5487 0.1564 0.8212
v 0.3780 0.1564 0.9125
v 0.1927 0.1564 0.9687
v 0.0000 0.1564 0.9877
v -0.1927 0.1564 0.9687
v -0.3780 0.1564 0.9125
v -0.5487 0.1564 0.8212
v -0.6984 0.1564 0.6984
v -0.8212 0.1564 0.5487
v -0.9125 0.1564 0.3780
v -0.9687 0.1564 0.1927
v -0.9877 0.1564 0.0000
v -0.9687 0.1564 -0.1927
v -0.9125 0.1564 -0.3780
v -0.8212 0.1564 -0.5487
v -0.6984 0.1564 -0.6984
v -0.5487 0.1564 -0.8212
v -0.3780 0.1564 -0.9125
v -0.1927 0.1564 -0.9687
v -0.0000 0.1564 -0.9877
v 0.1927 0.1564 -0.9687
v 0.3780 0.1564 -0.9125
v 0.5487 0.1564 -0.8212
v 0.6984 0.1564 -0.6984
v 0.8212 0.1564 -0.5487
v 0.9125 0.1564 -0.3780
v 0.9687 0.1564 -0.1927
v 0.9877 0.1564 -0.0000
v 1.0000 0.0000 0.0000
v 0.9808 0.0000 0.1951
v 0.9239 0.0000 0.3827
v 0.8315 0.0000 0.5556
v 0.7071 0.0000 0.7071
v 0.5556 0.0000 0.8315
v 0.3827 0.0000 0.9239
v 0.1951 0.0000 0.9808
v 0.0000 0.0000 1.0000
v -0.1951 0.0000 0.9808
v -0.3827 0.0000 0.9239
v -0.5556 0.0000 0.8315
v -0.7071 0.0000 0.7071
v -0.8315 0.0000 0.5556
v -0.9239 0.0000 0.3827
v -0.9808 0.0000 0.1951
v -1.0000 0.0000 0.0000
v -0.9808 0.0000 -0.1951
v -0.9239 0.0000 -0.3827
v -0.8315 0.0000 -0.5556
v -0.7071 0.0000 -0.7071
v -0.5556 0.0000 -0.8315
v -0.3827 0.0000 -0.9239
v -0.1951 0.0000 -0.9808
v -0.0000 0.0000 -1.0000
v 0.1951 0.0000 -0.9808
v 0.3827 0.0000 -0.9239
v 0.5556 0.0000 -0.8315
v 0.7071 0.0000 -0.7071
v 0.8315 0.0000 -0.5556
v 0.9239 0.0000 -0.3827
v 0.9808 0.0000 -0.1951
v 1.0000 0.0000 -0.0000
v 0.9877 -0.1564 0.0000
v 0.9687 -0.1564 0.1927
v 0.9125 -0.1564 0.3780
v 0.8212 -0.1564 0.5487
v 0.6984 -0.1564 0.6984
v 0.5487 -0.1564 0.8212
v 0.3780 -0.1564 0.9125
v 0.1927 -0.1564 0.9687
v 0.0000 -0.1564 0.9877
v -0.1927 -0.1564 0.9687
v -0.3780 -0.1564 0.9125
v -0.5487 -0.1564 0.8212
v -0.6984 -0.1564 0.6984
v -0.8212 -0.1564 0.5487
v -0.9125 -0.1564 0.3780
v -0.9687 -0.1564 0.1927
v -0.9877 -0.1564 0.0000
v -0.9687 -0.1564 -0.1927
v -0.9125 -0.1564 -0.3780
v -0.8212 -0.1564 -0.5487
v -0.6984 -0.1564 -0.6984
v -0.5487 -0.1564 -0.8212
v -0.3780 -0.1564 -0.9125
v -0.1927 -0.1564 -0.9687
v -0.0000 -0.1564 -0.9877
v 0.1927 -0.1564 -0.9687
v 0.3780 -0.1564 -0.9125
v 0.5487 -0.1564 -0.8212
v 0.6984 -0.1564 -0.6984
v 0.8212 -0.1564 -0.5487
v 0.9125 -0.1564 -0.3780
v 0.9687 -0.1564 -0.1927
v 0.9877 -0.1564 -0.0000
v 0.9511 -0.3090 0.0000
v 0.9328 -0.3090 0.1855
v 0.8787 -0.3090 0.3640
v 0.7908 -0.3090 0.5284
v 0.6725 -0.3090 0.6725
v 0.5284 -0.3090 0.7908
v 0.3640 -0.3090 0.8787
v 0.1855 -0.3090 0.9328
v 0.0000 -0.3090 0.9511
v -0.1855 -0.3090 0.9328
v -0.3640 -0.3090 0.8787
v -0.5284 -0.3090 0.7908
v -0.6725 -0.3090 0.6725
v -0.7908 -0.3090 0.5284
v -0.8787 -0.3090 0.3640
v -0.9328 -0.3090 0.1855
v -0.9511 -0.3090 0.0000
v -0.9328 -0.3090 -0.1855
v -0.8787 -0.3090 -0.3640
v -0.7908 -0.3090 -0.5284
v -0.6725 -0.3090 -0.6725
v -0.5284 -0.3090 -0.7908
v -0.3640 -0.3090 -0.8787
v -0.1855 -0.3090 -0.9328
v -0.0000 -0.3090 -0.9511
v 0.1855 -0.3090 -0.9328
v 0.3640 -0.3090 -0.8787
v 0.5284 -0.3090 -0.7908
v 0.6725 -0.3090 -0.6725
v 0.7908 -0.3090 -0.5284
v 0.8787 -0.3090 -0.3640
v 0.9328 -0.3090 -0.1855
v 0.9511 -0.3090 -0.0000
v 0.8910 -0.4540 0.0000
v 0.8739 -0.4540 0.1738
v 0.8232 -0.4540 0.3410
v 0.7408 -0.4540 0.4950
v 0.6300 -0.4540 0.6300
v 0.4950 -0.4540 0.7408
v 0.3410 -0.4540 0.8232
v 0.1738 -0.4540 0.8739
v 0.0000 -0.4540 0.8910
v -0.1738 -0.4540 0.8739
v -0.3410 -0.4540 0.8232
v -0.4950 -0.4540 0.7408
v -0.6300 -0.4540 0.6300
v -0.7408 -0.4540 0.4950
v -0.8232 -0.4540 0.3410
v -0.8739 -0.4540 0.1738
v -0.8910 -0.4540 0.0000
v -0.8739 -0.4540 -0.1738
v -0.8232 -0.4540 -0.3410
v -0.7408 -0.4540 -0.4950
v -0.6300 -0.4540 -0.6300
v -0.4950 -0.4540 -0.7408
v -0.3410 -0.4540 -0.8232
v -0.1738 -0.4540 -0.8739
v -0.0000 -0.4540 -0.8910
v 0.1738 -0.4540 -0.8739
v 0.3410 -0.4540 -0.8232
v 0.4950 -0.4540 -0.7408
v 0.6300 -0.4540 -0.6300
v 0.7408 -0.4540 -0.4950
v 0.8232 -0.4540 -0.3410
v 0.8739 -0.4540 -0.1738
v 0.8910 -0.4540 -0.0000
v 0.8090 -0.5878 0.0000
v 0.7935 -0.5878 0.1578
v 0.7474 -0.5878 0.3096
v 0.6727 -0.5878 0.4495
v 0.5721 -0.5878 0.5721
v 0.4495 -0.5878 0.6727
v 0.3096 -0.5878 0.7474
v 0.1578 -0.5878 0.7935
v 0.0000 -0.5878 0.8090
v -0.1578 -0.5878 0.7935
v -0.3096 -0.5878 0.7474
v -0.4495 -0.5878 0.6727
v -0.5721 -0.5878 0.5721
v -0.6727 -0.5878 0.4495
v -0.7474 -0.5878 0.3096
v -0.7935 -0.5878 0.1578
v -0.8090 -0.5878 0.0000
v -0.7935 -0.5878 -0.1578
v -0.7474 -0.5878 -0.3096
v -0.6727 -0.5878 -0.4495
v -0.5721 -0.5878 -0.5721
v -0.4495 -0.5878 -0.6727
v -0.3096 -0.5878 -0.7474
v -0.1578 -0.5878 -0.7935
v -0.0000 -0.5878 -0.8090
v 0.1578 -0.5878 -0.7935
v 0.3096 -0.5878 -0.7474
v 0.4495 -0.5878 -0.6727
v 0.5721 -0.5878 -0.5721
v 0.6727 -0.5878 -0.4495
v 0.7474 -0.5878 -0.3096
v 0.7935 -0.5878 -0.1578
v 0.8090 -0.5878 -0.0000
v 0.7071 -0.7071 0.0000
v 0.6935 -0.7071 0.1379
v 0.6533 -0.7071 0.2706
v 0.5879 -0.7071 0.3928
v 0.5000 -0.7071 0.5000
v 0.3928 -0.7071 0.5879
v 0.2706 -0.7071 0.6533
v 0.1379 -0.7071 0.6935
v 0.0000 -0.7071 0.7071
v -0.1379 -0.7071 0.6935
v -0.2706 -0.7071 0.6533
v -0.3928 -0.7071 0.5879
v -0.5000 -0.7071 0.5000
v -0.5879 -0.7071 0.3928
v -0.6533 -0.7071 0.2706
v -0.6935 -0.7071 0.1379
v -0.7071 -0.7071 0.0000
v -0.6935 -0.7071 -0.1379
v -0.6533 -0.7071 -0.2706
v -0.5879 -0.7071 -0.3928
v -0.5000 -0.7071 -0.5000
v -0.3928 -0.7071 -0.5879
v -0.2706 -0.7071 -0.6533
v -0.1379 -0.7071 -0.6935
v -0.0000 -0.7071 -0.7071
v 0.1379 -0.7071 -0.6935
v 0.2706 -0.7071 -0.6533
v 0.3928 -0.7071 -0.5879
v 0.5000 -0.7071 -0.5000
v 0.5879 -0.7071 -0.3928
v 0.6533 -0.7071 -0.2706
v 0.6935 -0.7071 -0.1379
v 0.7071 -0.7071 -0.0000
v 0.5878 -0.8090 0.0000
v 0.5765 -0.8090 0.1147
v 0.5430 -0.8090 0.2249
v 0.4887 -0.8090 0.3266
v 0.4156 -0.8090 0.4156
v 0.3266 -0.8090 0.4887
v 0.2249 -0.8090 0.5430
v 0.1147 -0.8090 0.5765
v 0.0000 -0.8090 0.5878
v -0.1147 -0.8090 0.5765
v -0.2249 -0.8090 0.5430
v -0.3266 -0.8090 0.4887
v -0.4156 -0.8090 0.4156
v -0.4887 -0.8090 0.3266
v -0.5430 -0.8090 0.2249
v -0.5765 -0.8090 0.1147
v -0.5878 -0.8090 0.0000
v -0.5765 -0.8090 -0.1147
v -0.5430 -0.8090 -0.2249
v -0.4887 -0.8090 -0.3266
v -0.4156 -0.8090 -0.4156
v -0.3266 -0.8090 -0.4887
v -0.2249 -0.8090 -0.5430
v -0.1147 -0.8090 -0.5765
v -0.0000 -0.8090 -0.5878
v 0.1147 -0.8090 -0.5765
v 0.2249 -0.8090 -0.5430
v 0.3266 -0.8090 -0.4887
v 0.4156 -0.8090 -0.4156
v 0.4887 -0.8090 -0.3266
v 0.5430 -0.8090 -0.2249
v 0.5765 -0.8090 -0.1147
v 0.5878 -0.8090 -0.0000
v 0.4540 -0.8910 0.0000
v 0.4453 -0.8910 0.0886
v 0.4194 -0.8910 0.1737
v 0.3775 -0.8910 0.2522
v 0.3210 -0.8910 0.3210
v 0.2522 -0.8910 0.3775
v 0.1737 -0.8910 0.4194
v 0.0886 -0.8910 0.4453
v 0.0000 -0.8910 0.4540
v -0.0886 -0.8910 0.4453
v -0.1737 -0.8910 0.4194
v -0.2522 -0.8910 0.3775
v -0.3210 -0.8910 0.3210
v -0.3775 -0.8910 0.2522
v -0.4194 -0.8910 0.1737
v -0.4453 -0.8910 0.0886
v -0.4540 -0.8910 0.0000
v -0.4453 -0.8910 -0.0886
v -0.4194 -0.8910 -0.1737
v -0.3775 -0.8910 -0.2522
v -0.3210 -0.8910 -0.3210
v -0.2522 -0.8910 -0.3775
v -0.1737 -0.8910 -0.4194
v -0.0886 -0.8910 -0.4453
v -0.0000 -0.8910 -0.4540
v 0.0886 -0.8910 -0.4453
v 0.1737 -0.8910 -0.4194
v 0.2522 -0.8910 -0.3775
v 0.3210 -0.8910 -0.3210
v 0.3775 -0.8910 -0.2522
v 0.4194 -0.8910 -0.1737
v 0.4453 -0.8910 -0.0886
v 0.4540 -0.8910 -0.0000
v 0.3090 -0.9511 0.0000
v 0.3031 -0.9511 0.0603
v 0.2855 -0.9511 0.1183
v 0.2569 -0.9511 0.1717
v 0.2185 -0.9511 0.2185
v 0.1717 -0.9511 0.2569
v 0.1183 -0.9511 0.2855
v 0.0603 -0.9511 0.3031
v 0.0000 -0.9511 0.3090
v -0.0603 -0.9511 0.3031
v -0.1183 -0.9511 0.2855
v -0.1717 -0.9511 0.2569
v -0.2185 -0.9511 0.2185
v -0.2569 -0.9511 0.1717
v -0.2855 -0.9511 0.1183
v -0.3031 -0.9511 0.0603
v -0.3090 -0.9511 0.0000
v -0.3031 -0.9511 -0.0603
v -0.2855 -0.9511 -0.1183
v -0.2569 -0.9511 -0.1717
v -0.2185 -0.9511 -0.2185
v -0.1717 -0.9511 -0.2569
v -0.1183 -0.9511 -0.2855
v -0.0603 -0.9511 -0.3031
v -0.0000 -0.9511 -0.3090
v 0.0603 -0.9511 -0.3031
v 0.1183 -0.9511 -0.2855
v 0.1717 -0.9511 -0.2569
v 0.2185 -0.9511 -0.2185
v 0.2569 -0.9511 -0.1717
v 0.2855 -0.9511 -0.1183
v 0.3031 -0.9511 -0.0603
v 0.3090 -0.9511 -0.0000
v 0.1564 -0.9877 0.0000
v 0.1534 -0.9877 0.0305
v 0.1445 -0.9877 0.0599
v 0.1301 -0.9877 0.0869
v 0.1106 -0.9877 0.1106
v 0.0869 -0.9877 0.1301
v 0.0599 -0.9877 0.1445
v 0.0305 -0.9877 0.1534
v 0.0000 -0.9877 0.1564
v -0.0305 -0.9877 0.1534
v -0.0599 -0.9877 0.1445
v -0.0869 -0.9877 0.1301
v -0.1106 -0.9877 0.1106
v -0.1301 -0.9877 0.0869
v -0.1445 -0.9877 0.0599
v -0.1534 -0.9877 0.0305
v -0.1564 -0.9877 0.0000
v -0.1534 -0.9877 -0.0305
v -0.1445 -0.9877 -0.0599
v -0.1301 -0.9877 -0.0869
v -0.1106 -0.9877 -0.1106
v -0.0869 -0.9877 -0.1301
v -0.0599 -0.9877 -0.1445
v -0.0305 -0.9877 -0.1534
v -0.0000 -0.9877 -0.1564
v 0.0305 -0.9877 -0.1534
v 0.0599 -0.9877 -0.1445
v 0.0869 -0.9877 -0.1301
v 0.1106 -0.9877 -0.1106
v 0.1301 -0.9877 -0.0869
v 0.1445 -0.9877 -0.0599
v 0.1534 -0.9877 -0.0305
v 0.1564 -0.9877 -0.0000
v 0.0000 -1.0000 0.0000
v 0.0000 -1.0000 0.0000
v 0.0000 -1.0000 0.0000
v 0.0000 -1.0000 0.0000
v 0.0000 -1.0000 0.0000
v 0.0000 -1.0000 0.0000
v 0.0000 -1.0000 0.0000
v 0.0000 -1.0000 0.0000
v 0.0000 -1.0000 0.0000
v -0.0000 -1.0000 0.0000
v -0.0000 -1.0000 0.0000
v -0.0000 -1.0000 0.0000
v -0.0000 -1.0000 0.0000
v -0.0000 -1.0000 0.0000
v -0.0000 -1.0000 0.0000
v -0.0000 -1.0000 0.0000
v -0.0000 -1.0000 0.0000
v -0.0000 -1.0000 -0.0000
v -0.0000 -1.0000 -0.0000
v -0.0000 -1.0000 -0.0000
v -0.0000 -1.0000 -0.0000
v -0.0000 -1.0000 -0.0000
v -0.0000 -1.0000 -0.0000
v -0.0000 -1.0000 -0.0000
v -0.0000 -1.0000 -0.0000
v 0.0000 -1.0000 -0.0000
v 0.0000 -1.0000 -0.0000
v 0.0000 -1.0000 -0.0000
v 0.0000 -1.0000 -0.0000
v 0.0000 -1.0000 -0.0000
v 0.0000 -1.0000 -0.0000
v 0.0000 -1.0000 -0.0000
v 0.0000 -1.0000 -0.0000
v 1.2200 0.0000 0.0000
v 0.9400 -0.1414 0.1414
v 0.9400 0.0000 0.2000
v 1.2200 0.0000 0.0000
v 0.9400 -0.2000 0.0000
v 0.9400 -0.1414 0.1414
v 1.2200 0.0000 0.0000
v 0.9400 -0.1414 -0.1414
v 0.9400 -0.2000 0.0000
v 1.2200 0.0000 0.0000
v 0.9400 -0.0000 -0.2000
v 0.9400 -0.1414 -0.1414
v 1.2200 0.0000 0.0000
v 0.9400 0.1414 -0.1414
v 0.9400 -0.0000 -0.2000
v 1.2200 0.0000 0.0000
v 0.9400 0.2000 -0.0000
v 0.9400 0.1414 -0.1414
v 1.2200 0.0000 0.0000
v 0.9400 0.1414 0.1414
v 0.9400 0.2000 -0.0000
v 1.2200 0.0000 0.0000
v 0.9400 0.0000 0.2000
v 0.9400 0.1414 0.1414
v -1.2200 0.0000 0.0000
v -0.9400 -0.1414 -0.1414
v -0.9400 0.0000 -0.2000
v -1.2200 0.0000 0.0000
v -0.9400 -0.2000 -0.0000
v -0.9400 -0.1414 -0.1414
v -1.2200 0.0000 0.0000
v -0.9400 -0.1414 0.1414
v -0.9400 -0.2000 -0.0000
v -1.2200 0.0000 0.0000
v -0.9400 -0.0000 0.2000
v -0.9400 -0.1414 0.1414
v -1.2200 0.0000 0.0000
v -0.9400 0.1414 0.1414
v -0.9400 -0.0000 0.2000
v -1.2200 0.0000 0.0000
v -0.9400 0.2000 0.0000
v -0.9400 0.1414 0.1414
v -1.2200 0.0000 0.0000
v -0.9400 0.1414 -0.1414
v -0.9400 0.2000 0.0000
v -1.2200 0.0000 0.0000
v -0.9400 0.0000 -0.2000
v -0.9400 0.1414 -0.1414
v 0.0000 1.2200 0.0000
v -0.1414 0.9400 -0.1414
v 0.0000 0.9400 -0.2000
v 0.0000 1.2200 0.0000
v -0.2000 0.9400 -0.0000
v -0.1414 0.9400 -0.1414
v 0.0000 1.2200 0.0000
v -0.1414 0.9400 0.1414
v -0.2000 0.9400 -0.0000
v 0.0000 1.2200 0.0000
v -0.0000 0.9400 0.2000
v -0.1414 0.9400 0.1414
v 0.0000 1.2200 0.0000
v 0.1414 0.9400 0.1414
v -0.0000 0.9400 0.2000
v 0.0000 1.2200 0.0000
v 0.2000 0.9400 0.0000
v 0.1414 0.9400 0.1414
v 0.0000 1.2200 0.0000
v 0.1414 0.9400 -0.1414
v 0.2000 0.9400 0.0000
v 0.0000 1.2200 0.0000
v 0.0000 0.9400 -0.2000
v 0.1414 0.9400 -0.1414
v 0.0000 -1.2200 0.0000
v -0.1414 -0.9400 0.1414
v 0.0000 -0.9400 0.2000
v 0.0000 -1.2200 0.0000
v -0.2000 -0.9400 0.0000
v -0.1414 -0.9400 0.1414
v 0.0000 -1.2200 0.0000
v -0.1414 -0.9400 -0.1414
v -0.2000 -0.9400 0.0000
v 0.0000 -1.2200 0.0000
v -0.0000 -0.9400 -0.2000
v -0.1414 -0.9400 -0.1414
v 0.0000 -1.2200 0.0000
v 0.1414 -0.9400 -0.1414
v -0.0000 -0.9400 -0.2000
v 0.0000 -1.2200 0.0000
v 0.2000 -0.9400 -0.0000
v 0.1414 -0.9400 -0.1414
v 0.0000 -1.2200 0.0000
v 0.1414 -0.9400 0.1414
v 0.2000 -0.9400 -0.0000
v 0.0000 -1.2200 0.0000
v 0.0000 -0.9400 0.2000
v 0.1414 -0.9400 0.1414
v 0.0000 0.0000 1.2200
v -0.1414 -0.1414 0.9400
v -0.2000 0.0000 0.9400
v 0.0000 0.0000 1.2200
v -0.0000 -0.2000 0.9400
v -0.1414 -0.1414 0.9400
v 0.0000 0.0000 1.2200
v 0.1414 -0.1414 0.9400
v -0.0000 -0.2000 0.9400
v 0.0000 0.0000 1.2200
v 0.2000 -0.0000 0.9400
v 0.1414 -0.1414 0.9400
v 0.0000 0.0000 1.2200
v 0.1414 0.1414 0.9400
v 0.2000 -0.0000 0.9400
v 0.0000 0.0000 1.2200
v 0.0000 0.2000 0.9400
v 0.1414 0.1414 0.9400
v 0.0000 0.0000 1.2200
v -0.1414 0.1414 0.9400
v 0.0000 0.2000 0.9400
v 0.0000 0.0000 1.2200
v -0.2000 0.0000 0.9400
v -0.1414 0.1414 0.9400
v 0.0000 0.0000 -1.2200
v 0.1414 -0.1414 -0.9400
v 0.2000 0.0000 -0.9400
v 0.0000 0.0000 -1.2200
v 0.0000 -0.2000 -0.9400
v 0.1414 -0.1414 -0.9400
v 0.0000 0.0000 -1.2200
v -0.1414 -0.1414 -0.9400
v 0.0000 -0.2000 -0.9400
v 0.0000 0.0000 -1.2200
v -0.2000 -0.0000 -0.9400
v -0.1414 -0.1414 -0.9400
v 0.0000 0.0000 -1.2200
v -0.1414 0.1414 -0.9400
v -0.2000 -0.0000 -0.9400
v 0.0000 0.0000 -1.2200
v -0.0000 0.2000 -0.9400
v -0.1414 0.1414 -0.9400
v 0.0000 0.0000 -1.2200
v 0.1414 0.1414 -0.9400
v -0.0000 0.2000 -0.9400
v 0.0000 0.0000 -1.2200
v 0.2000 0.0000 -0.9400
v 0.1414 0.1414 -0.9400
v 0.7044 0.7044 0.7044
v 0.5004 0.4272 0.7004
v 0.4013 0.5427 0.6841
v 0.7044 0.7044 0.7044
v 0.6244 0.3794 0.6244
v 0.5004 0.4272 0.7004
v 0.7044 0.7044 0.7044
v 0.7004 0.4272 0.5004
v 0.6244 0.3794 0.6244
v 0.7044 0.7044 0.7044
v 0.6841 0.5427 0.4013
v 0.7004 0.4272 0.5004
v 0.7044 0.7044 0.7044
v 0.5850 0.6582 0.3850
v 0.6841 0.5427 0.4013
v 0.7044 0.7044 0.7044
v 0.4611 0.7060 0.4611
v 0.5850 0.6582 0.3850
v 0.7044 0.7044 0.7044
v 0.3850 0.6582 0.5850
v 0.4611 0.7060 0.4611
v 0.7044 0.7044 0.7044
v 0.4013 0.5427 0.6841
v 0.3850 0.6582 0.5850
v 0.7044 0.7044 -0.7044
v 0.7004 0.4272 -0.5004
v 0.6841 0.5427 -0.4013
v 0.7044 0.7044 -0.7044
v 0.6244 0.3794 -0.6244
v 0.7004 0.4272 -0.5004
v 0.7044 0.7044 -0.7044
v 0.5004 0.4272 -0.7004
v 0.6244 0.3794 -0.6244
v 0.7044 0.7044 -0.7044
v 0.4013 0.5427 -0.6841
v 0.5004 0.4272 -0.7004
v 0.7044 0.7044 -0.7044
v 0.3850 0.6582 -0.5850
v 0.4013 0.5427 -0.6841
v 0.7044 0.7044 -0.7044
v 0.4611 0.7060 -0.4611
v 0.3850 0.6582 -0.5850
v 0.7044 0.7044 -0.7044
v 0.5850 0.6582 -0.3850
v 0.4611 0.7060 -0.4611
v 0.7044 0.7044 -0.7044
v 0.6841 0.5427 -0.4013
v 0.5850 0.6582 -0.3850
v 0.7044 -0.7044 0.7044
v 0.3850 -0.6582 0.5850
v 0.4013 -0.5427 0.6841
v 0.7044 -0.7044 0.7044
v 0.4611 -0.7060 0.4611
v 0.3850 -0.6582 0.5850
v 0.7044 -0.7044 0.7044
v 0.5850 -0.6582 0.3850
v 0.4611 -0.7060 0.4611
v 0.7044 -0.7044 0.7044
v 0.6841 -0.5427 0.4013
v 0.5850 -0.6582 0.3850
v 0.7044 -0.7044 0.7044
v 0.7004 -0.4272 0.5004
v 0.6841 -0.5427 0.4013
v 0.7044 -0.7044 0.7044
v 0.6244 -0.3794 0.6244
v 0.7004 -0.4272 0.5004
v 0.7044 -0.7044 0.7044
v 0.5004 -0.4272 0.7004
v 0.6244 -0.3794 0.6244
v 0.7044 -0.7044 0.7044
v 0.4013 -0.5427 0.6841
v 0.5004 -0.4272 0.7004
v 0.7044 -0.7044 -0.7044
v 0.5850 -0.6582 -0.3850
v 0.6841 -0.5427 -0.4013
v 0.7044 -0.7044 -0.7044
v 0.4611 -0.7060 -0.4611
v 0.5850 -0.6582 -0.3850
v 0.7044 -0.7044 -0.7044
v 0.3850 -0.6582 -0.5850
v 0.4611 -0.7060 -0.4611
v 0.7044 -0.7044 -0.7044
v 0.4013 -0.5427 -0.6841
v 0.3850 -0.6582 -0.5850
v 0.7044 -0.7044 -0.7044
v 0.5004 -0.4272 -0.7004
v 0.4013 -0.5427 -0.6841
v 0.7044 -0.7044 -0.7044
v 0.6244 -0.3794 -0.6244
v 0.5004 -0.4272 -0.7004
v 0.7044 -0.7044 -0.7044
v 0.7004 -0.4272 -0.5004
v 0.6244 -0.3794 -0.6244
v 0.7044 -0.7044 -0.7044
v 0.6841 -0.5427 -0.4013
v 0.7004 -0.4272 -0.5004
v -0.7044 0.7044 0.7044
v -0.7004 0.4272 0.5004
v -0.6841 0.5427 0.4013
v -0.7044 0.7044 0.7044
v -0.6244 0.3794 0.6244
v -0.7004 0.4272 0.5004
v -0.7044 0.7044 0.7044
v -0.5004 0.4272 0.7004
v -0.6244 0.3794 0.6244
v -0.7044 0.7044 0.7044
v -0.4013 0.5427 0.6841
v -0.5004 0.4272 0.7004
v -0.7044 0.7044 0.7044
v -0.3850 0.6582 0.5850
v -0.4013 0.5427 0.6841
v -0.7044 0.7044 0.7044
v -0.4611 0.7060 0.4611
v -0.3850 0.6582 0.5850
v -0.7044 0.7044 0.7044
v -0.5850 0.6582 0.3850
v -0.4611 0.7060 0.4611
v -0.7044 0.7044 0.7044
v -0.6841 0.5427 0.4013
v -0.5850 0.6582 0.3850
v -0.7044 0.7044 -0.7044
v -0.5004 0.4272 -0.7004
v -0.4013 0.5427 -0.6841
v -0.7044 0.7044 -0.7044
v -0.6244 0.3794 -0.6244
v -0.5004 0.4272 -0.7004
v -0.7044 0.7044 -0.7044
v -0.7004 0.4272 -0.5004
v -0.6244 0.3794 -0.6244
v -0.7044 0.7044 -0.7044
v -0.6841 0.5427 -0.4013
v -0.7004 0.4272 -0.5004
v -0.7044 0.7044 -0.7044
v -0.5850 0.6582 -0.3850
v -0.6841 0.5427 -0.4013
v -0.7044 0.7044 -0.7044
v -0.4611 0.7060 -0.4611
v -0.5850 0.6582 -0.3850
v -0.7044 0.7044 -0.7044
v -0.3850 0.6582 -0.5850
v -0.4611 0.7060 -0.4611
v -0.7044 0.7044 -0.7044
v -0.4013 0.5427 -0.6841
v -0.3850 0.6582 -0.5850
v -0.7044 -0.7044 0.7044
v -0.5850 -0.6582 0.3850
v -0.6841 -0.5427 0.4013
v -0.7044 -0.7044 0.7044
v -0.4611 -0.7060 0.4611
v -0.5850 -0.6582 0.3850
v -0.7044 -0.7044 0.7044
v -0.3850 -0.6582 0.5850
v -0.4611 -0.7060 0.4611
v -0.7044 -0.7044 0.7044
v -0.4013 -0.5427 0.6841
v -0.3850 -0.6582 0.5850
v -0.7044 -0.7044 0.7044
v -0.5004 -0.4272 0.7004
v -0.4013 -0.5427 0.6841
v -0.7044 -0.7044 0.7044
v -0.6244 -0.3794 0.6244
v -0.5004 -0.4272 0.7004
v -0.7044 -0.7044 0.7044
v -0.7004 -0.4272 0.5004
v -0.6244 -0.3794 0.6244
v -0.7044 -0.7044 0.7044
v -0.6841 -0.5427 0.4013
v -0.7004 -0.4272 0.5004
v -0.7044 -0.7044 -0.7044
v -0.3850 -0.6582 -0.5850
v -0.4013 -0.5427 -0.6841
v -0.7044 -0.7044 -0.7044
v -0.4611 -0.7060 -0.4611
v -0.3850 -0.6582 -0.5850
v -0.7044 -0.7044 -0.7044
v -0.5850 -0.6582 -0.3850
v -0.4611 -0.7060 -0.4611
v -0.7044 -0.7044 -0.7044
v -0.6841 -0.5427 -0.4013
v -0.5850 -0.6582 -0.3850
v -0.7044 -0.7044 -0.7044
v -0.7004 -0.4272 -0.5004
v -0.6841 -0.5427 -0.4013
v -0.7044 -0.7044 -0.7044
v -0.6244 -0.3794 -0.6244
v -0.7004 -0.4272 -0.5004
v -0.7044 -0.7044 -0.7044
v -0.5004 -0.4272 -0.7004
v -0.6244 -0.3794 -0.6244
v -0.7044 -0.7044 -0.7044
v -0.4013 -0.5427 -0.6841
v -0.5004 -0.4272 -0.7004
vt 0.0000 1.0000
vt 0.0312 1.0000
vt 0.0625 1.0000
vt 0.0938 1.0000
vt 0.1250 1.0000
vt 0.1562 1.0000
vt 0.1875 1.0000
vt 0.2188 1.0000
vt 0.2500 1.0000
vt 0.2812 1.0000
vt 0.3125 1.0000
vt 0.3438 1.0000
vt 0.3750 1.0000
vt 0.4062 1.0000
vt 0.4375 1.0000
vt 0.4688 1.0000
vt 0.5000 1.0000
vt 0.5312 1.0000
vt 0.5625 1.0000
vt 0.5938 1.0000
vt 0.6250 1.0000
vt 0.6562 1.0000
vt 0.6875 1.0000
vt 0.7188 1.0000
vt 0.7500 1.0000
vt 0.7812 1.0000
vt 0.8125 1.0000
vt 0.8438 1.0000
vt 0.8750 1.0000
vt 0.9062 1.0000
vt 0.9375 1.0000
vt 0.9688 1.0000
vt 1.0000 1.0000
vt 0.0000 0.9580
vt 0.0312 0.9580
vt 0.0625 0.9580
vt 0.0938 0.9580
vt 0.1250 0.9580
vt 0.1562 0.9580
vt 0.1875 0.9580
vt 0.2188 0.9580
vt 0.2500 0.9580
vt 0.2812 0.9580
vt 0.3125 0.9580
vt 0.3438 0.9580
vt 0.3750 0.9580
vt 0.4062 0.9580
vt 0.4375 0.9580
vt 0.4688 0.9580
vt 0.5000 0.9580
vt 0.5312 0.9580
vt 0.5625 0.9580
vt 0.5938 0.9580
vt 0.6250 0.9580
vt 0.6562 0.9580
vt 0.6875 0.9580
vt 0.7188 0.9580
vt 0.7500 0.9580
vt 0.7812 0.9580
vt 0.8125 0.9580
vt 0.8438 0.9580
vt 0.8750 0.9580
vt 0.9062 0.9580
vt 0.9375 0.9580
vt 0.9688 0.9580
vt 1.0000 0.9580
vt 0.0000 0.9160
vt 0.0312 0.9160
vt 0.0625 0.9160
vt 0.0938 0.9160
vt 0.1250 0.9160
vt 0.1562 0.9160
vt 0.1875 0.9160
vt 0.2188 0.9160
vt 0.2500 0.9160
vt 0.2812 0.9160
vt 0.3125 0.9160
vt 0.3438 0.9160
vt 0.3750 0.9160
vt 0.4062 0.9160
vt 0.4375 0.9160
vt 0.4688 0.9160
vt 0.5000 0.9160
vt 0.5312 0.9160
vt 0.5625 0.9160
vt 0.5938 0.9160
vt 0.6250 0.9160
vt 0.6562 0.9160
vt 0.6875 0.9160
vt 0.7188 0.9160
vt 0.7500 0.9160
vt 0.7812 0.9160
vt 0.8125 0.9160
vt 0.8438 0.9160
vt 0.8750 0.9160
vt 0.9062 0.9160
vt 0.9375 0.9160
vt 0.9688 0.9160
vt 1.0000 0.9160
vt 0.0000 0.8740
vt 0.0312 0.8740
vt 0.0625 0.8740
vt 0.0938 0.8740
vt 0.1250 0.8740
vt 0.1562 0.8740
vt 0.1875 0.8740
vt 0.2188 0.8740
vt 0.2500 0.8740
vt 0.2812 0.8740
vt 0.3125 0.8740
vt 0.3438 0.8740
vt 0.3750 0.8740
vt 0.4062 0.8740
vt 0.4375 0.8740
vt 0.4688 0.8740
vt 0.5000 0.8740
vt 0.5312 0.8740
vt 0.5625 0.8740
vt 0.5938 0.8740
vt 0.6250 0.8740
vt 0.6562 0.8740
vt 0.6875 0.8740
vt 0.7188 0.8740
vt 0.7500 0.8740
vt 0.7812 0.8740
vt 0.8125 0.8740
vt 0.8438 0.8740
vt 0.8750 0.8740
vt 0.9062 0.8740
vt 0.9375 0.8740
vt 0.9688 0.8740
vt 1.0000 0.8740
vt 0.0000 0.8320
vt 0.0312 0.8320
vt 0.0625 0.8320
vt 0.0938 0.8320
vt 0.1250 0.8320
vt 0.1562 0.8320
vt 0.1875 0.8320
vt 0.2188 0.8320
vt 0.2500 0.8320
vt 0.2812 0.8320
vt 0.3125 0.8320
vt 0.3438 0.8320
vt 0.3750 0.8320
vt 0.4062 0.8320
vt 0.4375 0.8320
vt 0.4688 0.8320
vt 0.5000 0.8320
vt 0.5312 0.8320
vt 0.5625 0.8320
vt 0.5938 0.8320
vt 0.6250 0.8320
vt 0.6562 0.8320
vt 0.6875 0.8320
vt 0.7188 0.8320
vt 0.7500 0.8320
vt 0.7812 0.8320
vt 0.8125 0.8320
vt 0.8438 0.8320
vt 0.8750 0.8320
vt 0.9062 0.8320
vt 0.9375 0.8320
vt 0.9688 0.8320
vt 1.0000 0.8320
vt 0.0000 0.7900
vt 0.0312 0.7900
vt 0.0625 0.7900
vt 0.0938 0.7900
vt 0.1250 0.7900
vt 0.1562 0.7900
vt 0.1875 0.7900
vt 0.2188 0.7900
vt 0.2500 0.7900
vt 0.2812 0.7900
vt 0.3125 0.7900
vt 0.3438 0.7900
vt 0.3750 0.7900
vt 0.4062 0.7900
vt 0.4375 0.7900
vt 0.4688 0.7900
vt 0.5000 0.7900
vt 0.5312 0.7900
vt 0.5625 0.7900
vt 0.5938 0.7900
vt 0.6250 0.7900
vt 0.6562 0.7900
vt 0.6875 0.7900
vt 0.7188 0.7900
vt 0.7500 0.7900
vt 0.7812 0.7900
vt 0.8125 0.7900
vt 0.8438 0.7900
vt 0.8750 0.7900
vt 0.9062 0.7900
vt 0.9375 0.7900
vt 0.9688 0.7900
vt 1.0000 0.7900
vt 0.0000 0.7480
vt 0.0312 0.7480
vt 0.0625 0.7480
vt 0.0938 0.7480
vt 0.1250 0.7480
vt 0.1562 0.7480
vt 0.1875 0.7480
vt 0.2188 0.7480
vt 0.2500 0.7480
vt 0.2812 0.7480
vt 0.3125 0.7480
vt 0.3438 0.7480
vt 0.3750 0.7480
vt 0.4062 0.7480
vt 0.4375 0.7480
vt 0.4688 0.7480
vt 0.5000 0.7480
vt 0.5312 0.7480
vt 0.5625 0.7480
vt 0.5938 0.7480
vt 0.6250 0.7480
vt 0.6562 0.7480
vt 0.6875 0.7480
vt 0.7188 0.7480
vt 0.7500 0.7480
vt 0.7812 0.7480
vt 0.8125 0.7480
vt 0.8438 0.7480
vt 0.8750 0.7480
vt 0.9062 0.7480
vt 0.9375 0.7480
vt 0.9688 0.7480
vt 1.0000 0.7480
vt 0.0000 0.7060
vt 0.0312 0.7060
vt 0.0625 0.7060
vt 0.0938 0.7060
vt 0.1250 0.7060
vt 0.1562 0.7060
vt 0.1875 0.7060
vt 0.2188 0.7060
vt 0.2500 0.7060
vt 0.2812 0.7060
vt 0.3125 0.7060
vt 0.3438 0.7060
vt 0.3750 0.7060
vt 0.4062 0.7060
vt 0.4375 0.7060
vt 0.4688 0.7060
vt 0.5000 0.7060
vt 0.5312 0.7060
vt 0.5625 0.7060
vt 0.5938 0.7060
vt 0.6250 0.7060
vt 0.6562 0.7060
vt 0.6875 0.7060
vt 0.7188 0.7060
vt 0.7500 0.7060
vt 0.7812 0.7060
vt 0.8125 0.7060
vt 0.8438 0.7060
vt 0.8750 0.7060
vt 0.9062 0.7060
vt 0.9375 0.7060
vt 0.9688 0.7060
vt 1.0000 0.7060
vt 0.0000 0.6640
vt 0.0312 0.6640
vt 0.0625 0.6640
vt 0.0938 0.6640
vt 0.1250 0.6640
vt 0.1562 0.6640
vt 0.1875 0.6640
vt 0.2188 0.6640
vt 0.2500 0.6640
vt 0.2812 0.6640
vt 0.3125 0.6640
vt 0.3438 0.6640
vt 0.3750 0.6640
vt 0.4062 0.6640
vt 0.4375 0.6640
vt 0.4688 0.6640
vt 0.5000 0.6640
vt 0.5312 0.6640
vt 0.5625 0.6640
vt 0.5938 0.6640
vt 0.6250 0.6640
vt 0.6562 0.6640
vt 0.6875 0.6640
vt 0.7188 0.6640
vt 0.7500 0.6640
vt 0.7812 0.6640
vt 0.8125 0.6640
vt 0.8438 0.6640
vt 0.8750 0.6640
vt 0.9062 0.6640
vt 0.9375 0.6640
vt 0.9688 0.6640
vt 1.0000 0.6640
vt 0.0000 0.6220
vt 0.0312 0.6220
vt 0.0625 0.6220
vt 0.0938 0.6220
vt 0.1250 0.6220
vt 0.1562 0.6220
vt 0.1875 0.6220
vt 0.2188 0.6220
vt 0.2500 0.6220
vt 0.2812 0.6220
vt 0.3125 0.6220
vt 0.3438 0.6220
vt 0.3750 0.6220
vt 0.4062 0.6220
vt 0.4375 0.6220
vt 0.4688 0.6220
vt 0.5000 0.6220
vt 0.5312 0.6220
vt 0.5625 0.6220
vt 0.5938 0.6220
vt 0.6250 0.6220
vt 0.6562 0.6220
vt 0.6875 0.6220
vt 0.7188 0.6220
vt 0.7500 0.6220
vt 0.7812 0.6220
vt 0.8125 0.6220
vt 0.8438 0.6220
vt 0.8750 0.6220
vt 0.9062 0.6220
vt 0.9375 0.6220
vt 0.9688 0.6220
vt 1.0000 0.6220
vt 0.0000 0.5800
vt 0.0312 0.5800
vt 0.0625 0.5800
vt 0.0938 0.5800
vt 0.1250 0.5800
vt 0.1562 0.5800
vt 0.1875 0.5800
vt 0.2188 0.5800
vt 0.2500 0.5800
vt 0.2812 0.5800
vt 0.3125 0.5800
vt 0.3438 0.5800
vt 0.3750 0.5800
vt 0.4062 0.5800
vt 0.4375 0.5800
vt 0.4688 0.5800
vt 0.5000 0.5800
vt 0.5312 0.5800
vt 0.5625 0.5800
vt 0.5938 0.5800
vt 0.6250 0.5800
vt 0.6562 0.5800
vt 0.6875 0.5800
vt 0.7188 0.5800
vt 0.7500 0.5800
vt 0.7812 0.5800
vt 0.8125 0.5800
vt 0.8438 0.5800
vt 0.8750 0.5800
vt 0.9062 0.5800
vt 0.9375 0.5800
vt 0.9688 0.5800
vt 1.0000 0.5800
vt 0.0000 0.5380
vt 0.0312 0.5380
vt 0.0625 0.5380
vt 0.0938 0.5380
vt 0.1250 0.5380
vt 0.1562 0.5380
vt 0.1875 0.5380
vt 0.2188 0.5380
vt 0.2500 0.5380
vt 0.2812 0.5380
vt 0.3125 0.5380
vt 0.3438 0.5380
vt 0.3750 0.5380
vt 0.4062 0.5380
vt 0.4375 0.5380
vt 0.4688 0.5380
vt 0.5000 0.5380
vt 0.5312 0.5380
vt 0.5625 0.5380
vt 0.5938 0.5380
vt 0.6250 0.5380
vt 0.6562 0.5380
vt 0.6875 0.5380
vt 0.7188 0.5380
vt 0.7500 0.5380
vt 0.7812 0.5380
vt 0.8125 0.5380
vt 0.8438 0.5380
vt 0.8750 0.5380
vt 0.9062 0.5380
vt 0.9375 0.5380
vt 0.9688 0.5380
vt 1.0000 0.5380
vt 0.0000 0.4960
vt 0.0312 0.4960
vt 0.0625 0.4960
vt 0.0938 0.4960
vt 0.1250 0.4960
vt 0.1562 0.4960
vt 0.1875 0.4960
vt 0.2188 0.4960
vt 0.2500 0.4960
vt 0.2812 0.4960
vt 0.3125 0.4960
vt 0.3438 0.4960
vt 0.3750 0.4960
vt 0.4062 0.4960
vt 0.4375 0.4960
vt 0.4688 0.4960
vt 0.5000 0.4960
vt 0.5312 0.4960
vt 0.5625 0.4960
vt 0.5938 0.4960
vt 0.6250 0.4960
vt 0.6562 0.4960
vt 0.6875 0.4960
vt 0.7188 0.4960
vt 0.7500 0.4960
vt 0.7812 0.4960
vt 0.8125 0.4960
vt 0.8438 0.4960
vt 0.8750 0.4960
vt 0.9062 0.4960
vt 0.9375 0.4960
vt 0.9688 0.4960
vt 1.0000 0.4960
vt 0.0000 0.4540
vt 0.0312 0.4540
vt 0.0625 0.4540
vt 0.0938 0.4540
vt 0.1250 0.4540
vt 0.1562 0.4540
vt 0.1875 0.4540
vt 0.2188 0.4540
vt 0.2500 0.4540
vt 0.2812 0.4540
vt 0.3125 0.4540
vt 0.3438 0.4540
vt 0.3750 0.4540
vt 0.4062 0.4540
vt 0.4375 0.4540
vt 0.4688 0.4540
vt 0.5000 0.4540
vt 0.5312 0.4540
vt 0.5625 0.4540
vt 0.5938 0.4540
vt 0.6250 0.4540
vt 0.6562 0.4540
vt 0.6875 0.4540
vt 0.7188 0.4540
vt 0.7500 0.4540
vt 0.7812 0.4540
vt 0.8125 0.4540
vt 0.8438 0.4540
vt 0.8750 0.4540
vt 0.9062 0.4540
vt 0.9375 0.4540
vt 0.9688 0.4540
vt 1.0000 0.4540
vt 0.0000 0.4120
vt 0.0312 0.4120
vt 0.0625 0.4120
vt 0.0938 0.4120
vt 0.1250 0.4120
vt 0.1562 0.4120
vt 0.1875 0.4120
vt 0.2188 0.4120
vt 0.2500 0.4120
vt 0.2812 0.4120
vt 0.3125 0.4120
vt 0.3438 0.4120
vt 0.3750 0.4120
vt 0.4062 0.4120
vt 0.4375 0.4120
vt 0.4688 0.4120
vt 0.5000 0.4120
vt 0.5312 0.4120
vt 0.5625 0.4120
vt 0.5938 0.4120
vt 0.6250 0.4120
vt 0.6562 0.4120
vt 0.6875 0.4120
vt 0.7188 0.4120
vt 0.7500 0.4120
vt 0.7812 0.4120
vt 0.8125 0.4120
vt 0.8438 0.4120
vt 0.8750 0.4120
vt 0.9062 0.4120
vt 0.9375 0.4120
vt 0.9688 0.4120
vt 1.0000 0.4120
vt 0.0000 0.3700
vt 0.0312 0.3700
vt 0.0625 0.3700
vt 0.0938 0.3700
vt 0.1250 0.3700
vt 0.1562 0.3700
vt 0.1875 0.3700
vt 0.2188 0.3700
vt 0.2500 0.3700
vt 0.2812 0.3700
vt 0.3125 0.3700
vt 0.3438 0.3700
vt 0.3750 0.3700
vt 0.4062 0.3700
vt 0.4375 0.3700
vt 0.4688 0.3700
vt 0.5000 0.3700
vt 0.5312 0.3700
vt 0.5625 0.3700
vt 0.5938 0.3700
vt 0.6250 0.3700
vt 0.6562 0.3700
vt 0.6875 0.3700
vt 0.7188 0.3700
vt 0.7500 0.3700
vt 0.7812 0.3700
vt 0.8125 0.3700
vt 0.8438 0.3700
vt 0.8750 0.3700
vt 0.9062 0.3700
vt 0.9375 0.3700
vt 0.9688 0.3700
vt 1.0000 0.3700
vt 0.0000 0.3280
vt 0.0312 0.3280
vt 0.0625 0.3280
vt 0.0938 0.3280
vt 0.1250 0.3280
vt 0.1562 0.3280
vt 0.1875 0.3280
vt 0.2188 0.3280
vt 0.2500 0.3280
vt 0.2812 0.3280
vt 0.3125 0.3280
vt 0.3438 0.3280
vt 0.3750 0.3280
vt 0.4062 0.3280
vt 0.4375 0.3280
vt 0.4688 0.3280
vt 0.5000 0.3280
vt 0.5312 0.3280
vt 0.5625 0.3280
vt 0.5938 0.3280
vt 0.6250 0.3280
vt 0.6562 0.3280
vt 0.6875 0.3280
vt 0.7188 0.3280
vt 0.7500 0.3280
vt 0.7812 0.3280
vt 0.8125 0.3280
vt 0.8438 0.3280
vt 0.8750 0.3280
vt 0.9062 0.3280
vt 0.9375 0.3280
vt 0.9688 0.3280
vt 1.0000 0.3280
vt 0.0000 0.2860
vt 0.0312 0.2860
vt 0.0625 0.2860
vt 0.0938 0.2860
vt 0.1250 0.2860
vt 0.1562 0.2860
vt 0.1875 0.2860
vt 0.2188 0.2860
vt 0.2500 0.2860
vt 0.2812 0.2860
vt 0.3125 0.2860
vt 0.3438 0.2860
vt 0.3750 0.2860
vt 0.4062 0.2860
vt 0.4375 0.2860
vt 0.4688 0.2860
vt 0.5000 0.2860
vt 0.5312 0.2860
vt 0.5625 0.2860
vt 0.5938 0.2860
vt 0.6250 0.2860
vt 0.6562 0.2860
vt 0.6875 0.2860
vt 0.7188 0.2860
vt 0.7500 0.2860
vt 0.7812 0.2860
vt 0.8125 0.2860
vt 0.8438 0.2860
vt 0.8750 0.2860
vt 0.9062 0.2860
vt 0.9375 0.2860
vt 0.9688 0.2860
vt 1.0000 0.2860
vt 0.0000 0.2440
vt 0.0312 0.2440
vt 0.0625 0.2440
vt 0.0938 0.2440
vt 0.1250 0.2440
vt 0.1562 0.2440
vt 0.1875 0.2440
vt 0.2188 0.2440
vt 0.2500 0.2440
vt 0.2812 0.2440
vt 0.3125 0.2440
vt 0.3438 0.2440
vt 0.3750 0.2440
vt 0.4062 0.2440
vt 0.4375 0.2440
vt 0.4688 0.2440
vt 0.5000 0.2440
vt 0.5312 0.2440
vt 0.5625 0.2440
vt 0.5938 0.2440
vt 0.6250 0.2440
vt 0.6562 0.2440
vt 0.6875 0.2440
vt 0.7188 0.2440
vt 0.7500 0.2440
vt 0.7812 0.2440
vt 0.8125 0.2440
vt 0.8438 0.2440
vt 0.8750 0.2440
vt 0.9062 0.2440
vt 0.9375 0.2440
vt 0.9688 0.2440
vt 1.0000 0.2440
vt 0.0000 0.2020
vt 0.0312 0.2020
vt 0.0625 0.2020
vt 0.0938 0.2020
vt 0.1250 0.2020
vt 0.1562 0.2020
vt 0.1875 0.2020
vt 0.2188 0.2020
vt 0.2500 0.2020
vt 0.2812 0.2020
vt 0.3125 0.2020
vt 0.3438 0.2020
vt 0.3750 0.2020
vt 0.4062 0.2020
vt 0.4375 0.2020
vt 0.4688 0.2020
vt 0.5000 0.2020
vt 0.5312 0.2020
vt 0.5625 0.2020
vt 0.5938 0.2020
vt 0.6250 0.2020
vt 0.6562 0.2020
vt 0.6875 0.2020
vt 0.7188 0.2020
vt 0.7500 0.2020
vt 0.7812 0.2020
vt 0.8125 0.2020
vt 0.8438 0.2020
vt 0.8750 0.2020
vt 0.9062 0.2020
vt 0.9375 0.2020
vt 0.9688 0.2020
vt 1.0000 0.2020
vt 0.0000 0.1600
vt 0.0312 0.1600
vt 0.0625 0.1600
vt 0.0938 0.1600
vt 0.1250 0.1600
vt 0.1562 0.1600
vt 0.1875 0.1600
vt 0.2188 0.1600
vt 0.2500 0.1600
vt 0.2812 0.1600
vt 0.3125 0.1600
vt 0.3438 0.1600
vt 0.3750 0.1600
vt 0.4062 0.1600
vt 0.4375 0.1600
vt 0.4688 0.1600
vt 0.5000 0.1600
vt 0.5312 0.1600
vt 0.5625 0.1600
vt 0.5938 0.1600
vt 0.6250 0.1600
vt 0.6562 0.1600
vt 0.6875 0.1600
vt 0.7188 0.1600
vt 0.7500 0.1600
vt 0.7812 0.1600
vt 0.8125 0.1600
vt 0.8438 0.1600
vt 0.8750 0.1600
vt 0.9062 0.1600
vt 0.9375 0.1600
vt 0.9688 0.1600
vt 1.0000 0.1600
vt 0.0675 0.0675
vt 0.0675 0.0675
vt 0.0675 0.0675
vt 0.0675 0.0675
vt 0.0675 0.0675
vt 0.0675 0.0675
vt 0.0675 0.0675
vt 0.0675 0.0675
vt 0.0675 0.0675
vt 0.0675 0.0675
vt 0.0675 0.0675
vt 0.0675 0.0675
vt 0.0675 0.0675
vt 0.0675 0.0675
vt 0.0675 0.0675
vt 0.0675 0.0675
vt 0.0675 0.0675
vt 0.0675 0.0675
vt 0.0675 0.0675
vt 0.0675 0.0675
vt 0.0675 0.0675
vt 0.0675 0.0675
vt 0.0675 0.0675
vt 0.0675 0.0675
vt 0.0675 0.0675
vt 0.0675 0.0675
vt 0.0675 0.0675
vt 0.0675 0.0675
vt 0.0675 0.0675
vt 0.0675 0.0675
vt 0.0675 0.0675
vt 0.0675 0.0675
vt 0.0675 0.0675
vt 0.0675 0.0675
vt 0.0675 0.0675
vt 0.0675 0.0675
vt 0.0675 0.0675
vt 0.0675 0.0675
vt 0.0675 0.0675
vt 0.0675 0.0675
vt 0.0675 0.0675
vt 0.0675 0.0675
vt 0.0675 0.0675
vt 0.0675 0.0675
vt 0.0675 0.0675
vt 0.0675 0.0675
vt 0.0675 0.0675
vt 0.0675 0.0675
vt 0.0675 0.0675
vt 0.0675 0.0675
vt 0.0675 0.0675
vt 0.0675 0.0675
vt 0.0675 0.0675
vt 0.0675 0.0675
vt 0.0675 0.0675
vt 0.0675 0.0675
vt 0.0675 0.0675
vt 0.0675 0.0675
vt 0.0675 0.0675
vt 0.0675 0.0675
vt 0.0675 0.0675
vt 0.0675 0.0675
vt 0.0675 0.0675
vt 0.0675 0.0675
vt 0.0675 0.0675
vt 0.0675 0.0675
vt 0.0675 0.0675
vt 0.0675 0.0675
vt 0.0675 0.0675
vt 0.0675 0.0675
vt 0.0675 0.0675
vt 0.0675 0.0675
vt 0.0675 0.0675
vt 0.0675 0.0675
vt 0.0675 0.0675
vt 0.0675 0.0675
vt 0.0675 0.0675
vt 0.0675 0.0675
vt 0.0675 0.0675
vt 0.0675 0.0675
vt 0.0675 0.0675
vt 0.0675 0.0675
vt 0.0675 0.0675
vt 0.0675 0.0675
vt 0.0675 0.0675
vt 0.0675 0.0675
vt 0.0675 0.0675
vt 0.0675 0.0675
vt 0.0675 0.0675
vt 0.0675 0.0675
vt 0.0675 0.0675
vt 0.0675 0.0675
vt 0.0675 0.0675
vt 0.0675 0.0675
vt 0.0675 0.0675
vt 0.0675 0.0675
vt 0.0675 0.0675
vt 0.0675 0.0675
vt 0.0675 0.0675
vt 0.0675 0.0675
vt 0.0675 0.0675
vt 0.0675 0.0675
vt 0.0675 0.0675
vt 0.0675 0.0675
vt 0.0675 0.0675
vt 0.0675 0.0675
vt 0.0675 0.0675
vt 0.0675 0.0675
vt 0.0675 0.0675
vt 0.0675 0.0675
vt 0.0675 0.0675
vt 0.0675 0.0675
vt 0.0675 0.0675
vt 0.0675 0.0675
vt 0.0675 0.0675
vt 0.0675 0.0675
vt 0.0675 0.0675
vt 0.0675 0.0675
vt 0.0675 0.0675
vt 0.0675 0.0675
vt 0.0675 0.0675
vt 0.0675 0.0675
vt 0.0675 0.0675
vt 0.0675 0.0675
vt 0.0675 0.0675
vt 0.0675 0.0675
vt 0.0675 0.0675
vt 0.0675 0.0675
vt 0.0675 0.0675
vt 0.0675 0.0675
vt 0.0675 0.0675
vt 0.0675 0.0675
vt 0.0675 0.0675
vt 0.0675 0.0675
vt 0.0675 0.0675
vt 0.0675 0.0675
vt 0.0675 0.0675
vt 0.0675 0.0675
vt 0.0675 0.0675
vt 0.0675 0.0675
vt 0.0675 0.0675
vt 0.0675 0.0675
vt 0.0675 0.0675
vt 0.0675 0.0675
vt 0.0675 0.0675
vt 0.0675 0.0675
vt 0.0675 0.0675
vt 0.0675 0.0675
vt 0.0675 0.0675
vt 0.0675 0.0675
vt 0.0675 0.0675
vt 0.0675 0.0675
vt 0.0675 0.0675
vt 0.0675 0.0675
vt 0.0675 0.0675
vt 0.0675 0.0675
vt 0.0675 0.0675
vt 0.0675 0.0675
vt 0.0675 0.0675
vt 0.0675 0.0675
vt 0.0675 0.0675
vt 0.0675 0.0675
vt 0.0675 0.0675
vt 0.0675 0.0675
vt 0.0675 0.0675
vt 0.0675 0.0675
vt 0.0675 0.0675
vt 0.0675 0.0675
vt 0.0675 0.0675
vt 0.0675 0.0675
vt 0.0675 0.0675
vt 0.0675 0.0675
vt 0.0675 0.0675
vt 0.0675 0.0675
vt 0.0675 0.0675
vt 0.0675 0.0675
vt 0.0675 0.0675
vt 0.0675 0.0675
vt 0.0675 0.0675
vt 0.0675 0.0675
vt 0.0675 0.0675
vt 0.0675 0.0675
vt 0.0675 0.0675
vt 0.0675 0.0675
vt 0.0675 0.0675
vt 0.0675 0.0675
vt 0.0675 0.0675
vt 0.0675 0.0675
vt 0.0675 0.0675
vt 0.0675 0.0675
vt 0.0675 0.0675
vt 0.0675 0.0675
vt 0.0675 0.0675
vt 0.0675 0.0675
vt 0.0675 0.0675
vt 0.0675 0.0675
vt 0.0675 0.0675
vt 0.0675 0.0675
vt 0.0675 0.0675
vt 0.0675 0.0675
vt 0.0675 0.0675
vt 0.0675 0.0675
vt 0.0675 0.0675
vt 0.0675 0.0675
vt 0.0675 0.0675
vt 0.0675 0.0675
vt 0.0675 0.0675
vt 0.0675 0.0675
vt 0.0675 0.0675
vt 0.0675 0.0675
vt 0.0675 0.0675
vt 0.0675 0.0675
vt 0.0675 0.0675
vt 0.0675 0.0675
vt 0.0675 0.0675
vt 0.0675 0.0675
vt 0.0675 0.0675
vt 0.0675 0.0675
vt 0.0675 0.0675
vt 0.0675 0.0675
vt 0.0675 0.0675
vt 0.0675 0.0675
vt 0.0675 0.0675
vt 0.0675 0.0675
vt 0.0675 0.0675
vt 0.0675 0.0675
vt 0.0675 0.0675
vt 0.0675 0.0675
vt 0.0675 0.0675
vt 0.0675 0.0675
vt 0.0675 0.0675
vt 0.0675 0.0675
vt 0.0675 0.0675
vt 0.0675 0.0675
vt 0.0675 0.0675
vt 0.0675 0.0675
vt 0.0675 0.0675
vt 0.0675 0.0675
vt 0.0675 0.0675
vt 0.0675 0.0675
vt 0.0675 0.0675
vt 0.0675 0.0675
vt 0.0675 0.0675
vt 0.0675 0.0675
vt 0.0675 0.0675
vt 0.0675 0.0675
vt 0.0675 0.0675
vt 0.0675 0.0675
vt 0.0675 0.0675
vt 0.0675 0.0675
vt 0.0675 0.0675
vt 0.0675 0.0675
vt 0.0675 0.0675
vt 0.0675 0.0675
vt 0.0675 0.0675
vt 0.0675 0.0675
vt 0.0675 0.0675
vt 0.0675 0.0675
vt 0.0675 0.0675
vt 0.0675 0.0675
vt 0.0675 0.0675
vt 0.0675 0.0675
vt 0.0675 0.0675
vt 0.0675 0.0675
vt 0.0675 0.0675
vt 0.0675 0.0675
vt 0.0675 0.0675
vt 0.0675 0.0675
vt 0.0675 0.0675
vt 0.0675 0.0675
vt 0.0675 0.0675
vt 0.0675 0.0675
vt 0.0675 0.0675
vt 0.0675 0.0675
vt 0.0675 0.0675
vt 0.0675 0.0675
vt 0.0675 0.0675
vt 0.0675 0.0675
vt 0.0675 0.0675
vt 0.0675 0.0675
vt 0.0675 0.0675
vt 0.0675 0.0675
vt 0.0675 0.0675
vt 0.0675 0.0675
vt 0.0675 0.0675
vt 0.0675 0.0675
vt 0.0675 0.0675
vt 0.0675 0.0675
vt 0.0675 0.0675
vt 0.0675 0.0675
vt 0.0675 0.0675
vt 0.0675 0.0675
vt 0.0675 0.0675
vt 0.0675 0.0675
vt 0.0675 0.0675
vt 0.0675 0.0675
vt 0.0675 0.0675
vt 0.0675 0.0675
vt 0.0675 0.0675
vt 0.0675 0.0675
vt 0.0675 0.0675
vt 0.0675 0.0675
vt 0.0675 0.0675
vt 0.0675 0.0675
vt 0.0675 0.0675
vt 0.0675 0.0675
vt 0.0675 0.0675
vt 0.0675 0.0675
vt 0.0675 0.0675
vt 0.0675 0.0675
vt 0.0675 0.0675
vt 0.0675 0.0675
vt 0.0675 0.0675
vt 0.0675 0.0675
vt 0.0675 0.0675
vt 0.0675 0.0675
vt 0.0675 0.0675
vt 0.0675 0.0675
vt 0.0675 0.0675
vt 0.0675 0.0675
vt 0.0675 0.0675
vt 0.0675 0.0675
vt 0.0675 0.0675
vt 0.0675 0.0675
vt 0.0675 0.0675
vt 0.0675 0.0675
vt 0.0675 0.0675
vt 0.0675 0.0675
vt 0.0675 0.0675
vt 0.0675 0.0675
vt 0.0675 0.0675
vt 0.0675 0.0675
vt 0.0675 0.0675
vt 0.0675 0.0675
vt 0.0675 0.0675
vt 0.0675 0.0675
vn 0.0000 1.0000 0.0000
vn 0.0000 1.0000 0.0000
vn 0.0000 1.0000 0.0000
vn 0.0000 1.0000 0.0000
vn 0.0000 1.0000 0.0000
vn 0.0000 1.0000 0.0000
vn 0.0000 1.0000 0.0000
vn 0.0000 1.0000 0.0000
vn 0.0000 1.0000 0.0000
vn -0.0000 1.0000 0.0000
vn -0.0000 1.0000 0.0000
vn -0.0000 1.0000 0.0000
vn -0.0000 1.0000 0.0000
vn -0.0000 1.0000 0.0000
vn -0.0000 1.0000 0.0000
vn -0.0000 1.0000 0.0000
vn -0.0000 1.0000 0.0000
vn -0.0000 1.0000 -0.0000
vn -0.0000 1.0000 -0.0000
vn -0.0000 1.0000 -0.0000
vn -0.0000 1.0000 -0.0000
vn -0.0000 1.0000 -0.0000
vn -0.0000 1.0000 -0.0000
vn -0.0000 1.0000 -0.0000
vn -0.0000 1.0000 -0.0000
vn 0.0000 1.0000 -0.0000
vn 0.0000 1.0000 -0.0000
vn 0.0000 1.0000 -0.0000
vn 0.0000 1.0000 -0.0000
vn 0.0000 1.0000 -0.0000
vn 0.0000 1.0000 -0.0000
vn 0.0000 1.0000 -0.0000
vn 0.0000 1.0000 -0.0000
vn 0.1564 0.9877 0.0000
vn 0.1534 0.9877 0.0305
vn 0.1445 0.9877 0.0599
vn 0.1301 0.9877 0.0869
vn 0.1106 0.9877 0.1106
vn 0.0869 0.9877 0.1301
vn 0.0599 0.9877 0.1445
vn 0.0305 0.9877 0.1534
vn 0.0000 0.9877 0.1564
vn -0.0305 0.9877 0.1534
vn -0.0599 0.9877 0.1445
vn -0.0869 0.9877 0.1301
vn -0.1106 0.9877 0.1106
vn -0.1301 0.9877 0.0869
vn -0.1445 0.9877 0.0599
vn -0.1534 0.9877 0.0305
vn -0.1564 0.9877 0.0000
vn -0.1534 0.9877 -0.0305
vn -0.1445 0.9877 -0.0599
vn -0.1301 0.9877 -0.0869
vn -0.1106 0.9877 -0.1106
vn -0.0869 0.9877 -0.1301
vn -0.0599 0.9877 -0.1445
vn -0.0305 0.9877 -0.1534
vn -0.0000 0.9877 -0.1564
vn 0.0305 0.9877 -0.1534
vn 0.0599 0.9877 -0.1445
vn 0.0869 0.9877 -0.1301
vn 0.1106 0.9877 -0.1106
vn 0.1301 0.9877 -0.0869
vn 0.1445 0.9877 -0.0599
vn 0.1534 0.9877 -0.0305
vn 0.1564 0.9877 -0.0000
vn 0.3090 0.9511 0.0000
vn 0.3031 0.9511 0.0603
vn 0.2855 0.9511 0.1183
vn 0.2569 0.9511 0.1717
vn 0.2185 0.9511 0.2185
vn 0.1717 0.9511 0.2569
vn 0.1183 0.9511 0.2855
vn 0.0603 0.9511 0.3031
vn 0.0000 0.9511 0.3090
vn -0.0603 0.9511 0.3031
vn -0.1183 0.9511 0.2855
vn -0.1717 0.9511 0.2569
vn -0.2185 0.9511 0.2185
vn -0.2569 0.9511 0.1717
vn -0.2855 0.9511 0.1183
vn -0.3031 0.9511 0.0603
vn -0.3090 0.9511 0.0000
vn -0.3031 0.9511 -0.0603
vn -0.2855 0.9511 -0.1183
vn -0.2569 0.9511 -0.1717
vn -0.2185 0.9511 -0.2185
vn -0.1717 0.9511 -0.2569
vn -0.1183 0.9511 -0.2855
vn -0.0603 0.9511 -0.3031
vn -0.0000 0.9511 -0.3090
vn 0.0603 0.9511 -0.3031
vn 0.1183 0.9511 -0.2855
vn 0.1717 0.9511 -0.2569
vn 0.2185 0.9511 -0.2185
vn 0.2569 0.9511 -0.1717
vn 0.2855 0.9511 -0.1183
vn 0.3031 0.9511 -0.0603
vn 0.3090 0.9511 -0.0000
vn 0.4540 0.8910 0.0000
vn 0.4453 0.8910 0.0886
vn 0.4194 0.8910 0.1737
vn 0.3775 0.8910 0.2522
vn 0.3210 0.8910 0.3210
vn 0.2522 0.8910 0.3775
vn 0.1737 0.8910 0.4194
vn 0.0886 0.8910 0.4453
vn 0.0000 0.8910 0.4540
vn -0.0886 0.8910 0.4453
vn -0.1737 0.8910 0.4194
vn -0.2522 0.8910 0.3775
vn -0.3210 0.8910 0.3210
vn -0.3775 0.8910 0.2522
vn -0.4194 0.8910 0.1737
vn -0.4453 0.8910 0.0886
vn -0.4540 0.8910 0.0000
vn -0.4453 0.8910 -0.0886
vn -0.4194 0.8910 -0.1737
vn -0.3775 0.8910 -0.2522
vn -0.3210 0.8910 -0.3210
vn -0.2522 0.8910 -0.3775
vn -0.1737 0.8910 -0.4194
vn -0.0886 0.8910 -0.4453
vn -0.0000 0.8910 -0.4540
vn 0.0886 0.8910 -0.4453
vn 0.1737 0.8910 -0.4194
vn 0.2522 0.8910 -0.3775
vn 0.3210 0.8910 -0.3210
vn 0.3775 0.8910 -0.2522
vn 0.4194 0.8910 -0.1737
vn 0.4453 0.8910 -0.0886
vn 0.4540 0.8910 -0.0000
vn 0.5878 0.8090 0.0000
vn 0.5765 0.8090 0.1147
vn 0.5430 0.8090 0.2249
vn 0.4887 0.8090 0.3266
vn 0.4156 0.8090 0.4156
vn 0.3266 0.8090 0.4887
vn 0.2249 0.8090 0.5430
vn 0.1147 0.8090 0.5765
vn 0.0000 0.8090 0.5878
vn -0.1147 0.8090 0.5765
vn -0.2249 0.8090 0.5430
vn -0.3266 0.8090 0.4887
vn -0.4156 0.8090 0.4156
vn -0.4887 0.8090 0.3266
vn -0.5430 0.8090 0.2249
vn -0.5765 0.8090 0.1147
vn -0.5878 0.8090 0.0000
vn -0.5765 0.8090 -0.1147
vn -0.5430 0.8090 -0.2249
vn -0.4887 0.8090 -0.3266
vn -0.4156 0.8090 -0.4156
vn -0.3266 0.8090 -0.4887
vn -0.2249 0.8090 -0.5430
vn -0.1147 0.8090 -0.5765
vn -0.0000 0.8090 -0.5878
vn 0.1147 0.8090 -0.5765
vn 0.2249 0.8090 -0.5430
vn 0.3266 0.8090 -0.4887
vn 0.4156 0.8090 -0.4156
vn 0.4887 0.8090 -0.3266
vn 0.5430 0.8090 -0.2249
vn 0.5765 0.8090 -0.1147
vn 0.5878 0.8090 -0.0000
vn 0.7071 0.7071 0.0000
vn 0.6935 0.7071 0.1379
vn 0.6533 0.7071 0.2706
vn 0.5879 0.7071 0.3928
vn 0.5000 0.7071 0.5000
vn 0.3928 0.7071 0.5879
vn 0.2706 0.7071 0.6533
vn 0.1379 0.7071 0.6935
vn 0.0000 0.7071 0.7071
vn -0.1379 0.7071 0.6935
vn -0.2706 0.7071 0.6533
vn -0.3928 0.7071 0.5879
vn -0.5000 0.7071 0.5000
vn -0.5879 0.7071 0.3928
vn -0.6533 0.7071 0.2706
vn -0.6935 0.7071 0.1379
vn -0.7071 0.7071 0.0000
vn -0.6935 0.7071 -0.1379
vn -0.6533 0.7071 -0.2706
vn -0.5879 0.7071 -0.3928
vn -0.5000 0.7071 -0.5000
vn -0.3928 0.7071 -0.5879
vn -0.2706 0.7071 -0.6533
vn -0.1379 0.7071 -0.6935
vn -0.0000 0.7071 -0.7071
vn 0.1379 0.7071 -0.6935
vn 0.2706 0.7071 -0.6533
vn 0.3928 0.7071 -0.5879
vn 0.5000 0.7071 -0.5000
vn 0.5879 0.7071 -0.3928
vn 0.6533 0.7071 -0.2706
vn 0.6935 0.7071 -0.1379
vn 0.7071 0.7071 -0.0000
vn 0.8090 0.5878 0.0000
vn 0.7935 0.5878 0.1578
vn 0.7474 0.5878 0.3096
vn 0.6727 0.5878 0.4495
vn 0.5721 0.5878 0.5721
vn 0.4495 0.5878 0.6727
vn 0.3096 0.5878 0.7474
vn 0.1578 0.5878 0.7935
vn 0.0000 0.5878 0.8090
vn -0.1578 0.5878 0.7935
vn -0.3096 0.5878 0.7474
vn -0.4495 0.5878 0.6727
vn -0.5721 0.5878 0.5721
vn -0.6727 0.5878 0.4495
vn -0.7474 0.5878 0.3096
vn -0.7935 0.5878 0.1578
vn -0.8090 0.5878 0.0000
vn -0.7935 0.5878 -0.1578
vn -0.7474 0.5878 -0.3096
vn -0.6727 0.5878 -0.4495
vn -0.5721 0.5878 -0.5721
vn -0.4495 0.5878 -0.6727
vn -0.3096 0.5878 -0.7474
vn -0.1578 0.5878 -0.7935
vn -0.0000 0.5878 -0.8090
vn 0.1578 0.5878 -0.7935
vn 0.3096 0.5878 -0.7474
vn 0.4495 0.5878 -0.6727
vn 0.5721 0.5878 -0.5721
vn 0.6727 0.5878 -0.4495
vn 0.7474 0.5878 -0.3096
vn 0.7935 0.5878 -0.1578
vn 0.8090 0.5878 -0.0000
vn 0.8910 0.4540 0.0000
vn 0.8739 0.4540 0.1738
vn 0.8232 0.4540 0.3410
vn 0.7408 0.4540 0.4950
vn 0.6300 0.4540 0.6300
vn 0.4950 0.4540 0.7408
vn 0.3410 0.4540 0.8232
vn 0.1738 0.4540 0.8739
vn 0.0000 0.4540 0.8910
vn -0.1738 0.4540 0.8739
vn -0.3410 0.4540 0.8232
vn -0.4950 0.4540 0.7408
vn -0.6300 0.4540 0.6300
vn -0.7408 0.4540 0.4950
vn -0.8232 0.4540 0.3410
vn -0.8739 0.4540 0.1738
vn -0.8910 0.4540 0.0000
vn -0.8739 0.4540 -0.1738
vn -0.8232 0.4540 -0.3410
vn -0.7408 0.4540 -0.4950
vn -0.6300 0.4540 -0.6300
vn -0.4950 0.4540 -0.7408
vn -0.3410 0.4540 -0.8232
vn -0.1738 0.4540 -0.8739
vn -0.0000 0.4540 -0.8910
vn 0.1738 0.4540 -0.8739
vn 0.3410 0.4540 -0.8232
vn 0.4950 0.4540 -0.7408
vn 0.6300 0.4540 -0.6300
vn 0.7408 0.4540 -0.4950
vn 0.8232 0.4540 -0.3410
vn 0.8739 0.4540 -0.1738
vn 0.8910 0.4540 -0.0000
vn 0.9511 0.3090 0.0000
vn 0.9328 0.3090 0.1855
vn 0.8787 0.3090 0.3640
vn 0.7908 0.3090 0.5284
vn 0.6725 0.3090 0.6725
vn 0.5284 0.3090 0.7908
vn 0.3640 0.3090 0.8787
vn 0.1855 0.3090 0.9328
vn 0.0000 0.3090 0.9511
vn -0.1855 0.3090 0.9328
vn -0.3640 0.3090 0.8787
vn -0.5284 0.3090 0.7908
vn -0.6725 0.3090 0.6725
vn -0.7908 0.3090 0.5284
vn -0.8787 0.3090 0.3640
vn -0.9328 0.3090 0.1855
vn -0.9511 0.3090 0.0000
vn -0.9328 0.3090 -0.1855
vn -0.8787 0.3090 -0.3640
vn -0.7908 0.3090 -0.5284
vn -0.6725 0.3090 -0.6725
vn -0.5284 0.3090 -0.7908
vn -0.3640 0.3090 -0.8787
vn -0.1855 0.3090 -0.9328
vn -0.0000 0.3090 -0.9511
vn 0.1855 0.3090 -0.9328
vn 0.3640 0.3090 -0.8787
vn 0.5284 0.3090 -0.7908
vn 0.6725 0.3090 -0.6725
vn 0.7908 0.3090 -0.5284
vn 0.8787 0.3090 -0.3640
vn 0.9328 0.3090 -0.1855
vn 0.9511 0.3090 -0.0000
vn 0.9877 0.1564 0.0000
vn 0.9687 0.1564 0.1927
vn 0.9125 0.1564 0.3780
vn 0.8212 0.1564 0.5487
vn 0.6984 0.1564 0.6984
vn 0.5487 0.1564 0.8212
vn 0.3780 0.1564 0.9125
vn 0.1927 0.1564 0.9687
vn 0.0000 0.1564 0.9877
vn -0.1927 0.1564 0.9687
vn -0.3780 0.1564 0.9125
vn -0.5487 0.1564 0.8212
vn -0.6984 0.1564 0.6984
vn -0.8212 0.1564 0.5487
vn -0.9125 0.1564 0.3780
vn -0.9687 0.1564 0.1927
vn -0.9877 0.1564 0.0000
vn -0.9687 0.1564 -0.1927
vn -0.9125 0.1564 -0.3780
vn -0.8212 0.1564 -0.5487
vn -0.6984 0.1564 -0.6984
vn -0.5487 0.1564 -0.8212
vn -0.3780 0.1564 -0.9125
vn -0.1927 0.1564 -0.9687
vn -0.0000 0.1564 -0.9877
vn 0.1927 0.1564 -0.9687
vn 0.3780 0.1564 -0.9125
vn 0.5487 0.1564 -0.8212
vn 0.6984 0.1564 -0.6984
vn 0.8212 0.1564 -0.5487
vn 0.9125 0.1564 -0.3780
vn 0.9687 0.1564 -0.1927
vn 0.9877 0.1564 -0.0000
vn 1.0000 0.0000 0.0000
vn 0.9808 0.0000 0.1951
vn 0.9239 0.0000 0.3827
vn 0.8315 0.0000 0.5556
vn 0.7071 0.0000 0.7071
vn 0.5556 0.0000 0.8315
vn 0.3827 0.0000 0.9239
vn 0.1951 0.0000 0.9808
vn 0.0000 0.0000 1.0000
vn -0.1951 0.0000 0.9808
vn -0.3827 0.0000 0.9239
vn -0.5556 0.0000 0.8315
vn -0.7071 0.0000 0.7071
vn -0.8315 0.0000 0.5556
vn -0.9239 0.0000 0.3827
vn -0.9808 0.0000 0.1951
vn -1.0000 0.0000 0.0000
vn -0.9808 0.0000 -0.1951
vn -0.9239 0.0000 -0.3827
vn -0.8315 0.0000 -0.5556
vn -0.7071 0.0000 -0.7071
vn -0.5556 0.0000 -0.8315
vn -0.3827 0.0000 -0.9239
vn -0.1951 0.0000 -0.9808
vn -0.0000 0.0000 -1.0000
vn 0.1951 0.0000 -0.9808
vn 0.3827 0.0000 -0.9239
vn 0.5556 0.0000 -0.8315
vn 0.7071 0.0000 -0.7071
vn 0.8315 0.0000 -0.5556
vn 0.9239 0.0000 -0.3827
vn 0.9808 0.0000 -0.1951
vn 1.0000 0.0000 -0.0000
vn 0.9877 -0.1564 0.0000
vn 0.9687 -0.1564 0.1927
vn 0.9125 -0.1564 0.3780
vn 0.8212 -0.1564 0.5487
vn 0.6984 -0.1564 0.6984
vn 0.5487 -0.1564 0.8212
vn 0.3780 -0.1564 0.9125
vn 0.1927 -0.1564 0.9687
vn 0.0000 -0.1564 0.9877
vn -0.1927 -0.1564 0.9687
vn -0.3780 -0.1564 0.9125
vn -0.5487 -0.1564 0.8212
vn -0.6984 -0.1564 0.6984
vn -0.8212 -0.1564 0.5487
vn -0.9125 -0.1564 0.3780
vn -0.9687 -0.1564 0.1927
vn -0.9877 -0.1564 0.0000
vn -0.9687 -0.1564 -0.1927
vn -0.9125 -0.1564 -0.3780
vn -0.8212 -0.1564 -0.5487
vn -0.6984 -0.1564 -0.6984
vn -0.5487 -0.1564 -0.8212
vn -0.3780 -0.1564 -0.9125
vn -0.1927 -0.1564 -0.9687
vn -0.0000 -0.1564 -0.9877
vn 0.1927 -0.1564 -0.9687
vn 0.3780 -0.1564 -0.9125
vn 0.5487 -0.1564 -0.8212
vn 0.6984 -0.1564 -0.6984
vn 0.8212 -0.1564 -0.5487
vn 0.9125 -0.1564 -0.3780
vn 0.9687 -0.1564 -0.1927
vn 0.9877 -0.1564 -0.0000
vn 0.9511 -0.3090 0.0000
vn 0.9328 -0.3090 0.1855
vn 0.8787 -0.3090 0.3640
vn 0.7908 -0.3090 0.5284
vn 0.6725 -0.3090 0.6725
vn 0.5284 -0.3090 0.7908
vn 0.3640 -0.3090 0.8787
vn 0.1855 -0.3090 0.9328
vn 0.0000 -0.3090 0.9511
vn -0.1855 -0.3090 0.9328
vn -0.3640 -0.3090 0.8787
vn -0.5284 -0.3090 0.7908
vn -0.6725 -0.3090 0.6725
vn -0.7908 -0.3090 0.5284
vn -0.8787 -0.3090 0.3640
vn -0.9328 -0.3090 0.1855
vn -0.9511 -0.3090 0.0000
vn -0.9328 -0.3090 -0.1855
vn -0.8787 -0.3090 -0.3640
vn -0.7908 -0.3090 -0.5284
vn -0.6725 -0.3090 -0.6725
vn -0.5284 -0.3090 -0.7908
vn -0.3640 -0.3090 -0.8787
vn -0.1855 -0.3090 -0.9328
vn -0.0000 -0.3090 -0.9511
vn 0.1855 -0.3090 -0.9328
vn 0.3640 -0.3090 -0.8787
vn 0.5284 -0.3090 -0.7908
vn 0.6725 -0.3090 -0.6725
vn 0.7908 -0.3090 -0.5284
vn 0.8787 -0.3090 -0.3640
vn 0.9328 -0.3090 -0.1855
vn 0.9511 -0.3090 -0.0000
vn 0.8910 -0.4540 0.0000
vn 0.8739 -0.4540 0.1738
vn 0.8232 -0.4540 0.3410
vn 0.7408 -0.4540 0.4950
vn 0.6300 -0.4540 0.6300
vn 0.4950 -0.4540 0.7408
vn 0.3410 -0.4540 0.8232
vn 0.1738 -0.4540 0.8739
vn 0.0000 -0.4540 0.8910
vn -0.1738 -0.4540 0.8739
vn -0.3410 -0.4540 0.8232
vn -0.4950 -0.4540 0.7408
vn -0.6300 -0.4540 0.6300
vn -0.7408 -0.4540 0.4950
vn -0.8232 -0.4540 0.3410
vn -0.8739 -0.4540 0.1738
vn -0.8910 -0.4540 0.0000
vn -0.8739 -0.4540 -0.1738
vn -0.8232 -0.4540 -0.3410
vn -0.7408 -0.4540 -0.4950
vn -0.6300 -0.4540 -0.6300
vn -0.4950 -0.4540 -0.7408
vn -0.3410 -0.4540 -0.8232
vn -0.1738 -0.4540 -0.8739
vn -0.0000 -0.4540 -0.8910
vn 0.1738 -0.4540 -0.8739
vn 0.3410 -0.4540 -0.8232
vn 0.4950 -0.4540 -0.7408
vn 0.6300 -0.4540 -0.6300
vn 0.7408 -0.4540 -0.4950
vn 0.8232 -0.4540 -0.3410
vn 0.8739 -0.4540 -0.1738
vn 0.8910 -0.4540 -0.0000
vn 0.8090 -0.5878 0.0000
vn 0.7935 -0.5878 0.1578
vn 0.7474 -0.5878 0.3096
vn 0.6727 -0.5878 0.4495
vn 0.5721 -0.5878 0.5721
vn 0.4495 -0.5878 0.6727
vn 0.3096 -0.5878 0.7474
vn 0.1578 -0.5878 0.7935
vn 0.0000 -0.5878 0.8090
vn -0.1578 -0.5878 0.7935
vn -0.3096 -0.5878 0.7474
vn -0.4495 -0.5878 0.6727
vn -0.5721 -0.5878 0.5721
vn -0.6727 -0.5878 0.4495
vn -0.7474 -0.5878 0.3096
vn -0.7935 -0.5878 0.1578
vn -0.8090 -0.5878 0.0000
vn -0.7935 -0.5878 -0.1578
vn -0.7474 -0.5878 -0.3096
vn -0.6727 -0.5878 -0.4495
vn -0.5721 -0.5878 -0.5721
vn -0.4495 -0.5878 -0.6727
vn -0.3096 -0.5878 -0.7474
vn -0.1578 -0.5878 -0.7935
vn -0.0000 -0.5878 -0.8090
vn 0.1578 -0.5878 -0.7935
vn 0.3096 -0.5878 -0.7474
vn 0.4495 -0.5878 -0.6727
vn 0.5721 -0.5878 -0.5721
vn 0.6727 -0.5878 -0.4495
vn 0.7474 -0.5878 -0.3096
vn 0.7935 -0.5878 -0.1578
vn 0.8090 -0.5878 -0.0000
vn 0.7071 -0.7071 0.0000
vn 0.6935 -0.7071 0.1379
vn 0.6533 -0.7071 0.2706
vn 0.5879 -0.7071 0.3928
vn 0.5000 -0.7071 0.5000
vn 0.3928 -0.7071 0.5879
vn 0.2706 -0.7071 0.6533
vn 0.1379 -0.7071 0.6935
vn 0.0000 -0.7071 0.7071
vn -0.1379 -0.7071 0.6935
vn -0.2706 -0.7071 0.6533
vn -0.3928 -0.7071 0.5879
vn -0.5000 -0.7071 0.5000
vn -0.5879 -0.7071 0.3928
vn -0.6533 -0.7071 0.2706
vn -0.6935 -0.7071 0.1379
vn -0.7071 -0.7071 0.0000
vn -0.6935 -0.7071 -0.1379
vn -0.6533 -0.7071 -0.2706
vn -0.5879 -0.7071 -0.3928
vn -0.5000 -0.7071 -0.5000
vn -0.3928 -0.7071 -0.5879
vn -0.2706 -0.7071 -0.6533
vn -0.1379 -0.7071 -0.6935
vn -0.0000 -0.7071 -0.7071
vn 0.1379 -0.7071 -0.6935
vn 0.2706 -0.7071 -0.6533
vn 0.3928 -0.7071 -0.5879
vn 0.5000 -0.7071 -0.5000
vn 0.5879 -0.7071 -0.3928
vn 0.6533 -0.7071 -0.2706
vn 0.6935 -0.7071 -0.1379
vn 0.7071 -0.7071 -0.0000
vn 0.5878 -0.8090 0.0000
vn 0.5765 -0.8090 0.1147
vn 0.5430 -0.8090 0.2249
vn 0.4887 -0.8090 0.3266
vn 0.4156 -0.8090 0.4156
vn 0.3266 -0.8090 0.4887
vn 0.2249 -0.8090 0.5430
vn 0.1147 -0.8090 0.5765
vn 0.0000 -0.8090 0.5878
vn -0.1147 -0.8090 0.5765
vn -0.2249 -0.8090 0.5430
vn -0.3266 -0.8090 0.4887
vn -0.4156 -0.8090 0.4156
vn -0.4887 -0.8090 0.3266
vn -0.5430 -0.8090 0.2249
vn -0.5765 -0.8090 0.1147
vn -0.5878 -0.8090 0.0000
vn -0.5765 -0.8090 -0.1147
vn -0.5430 -0.8090 -0.2249
vn -0.4887 -0.8090 -0.3266
vn -0.4156 -0.8090 -0.4156
vn -0.3266 -0.8090 -0.4887
vn -0.2249 -0.8090 -0.5430
vn -0.1147 -0.8090 -0.5765
vn -0.0000 -0.8090 -0.5878
vn 0.1147 -0.8090 -0.5765
vn 0.2249 -0.8090 -0.5430
vn 0.3266 -0.8090 -0.4887
vn 0.4156 -0.8090 -0.4156
vn 0.4887 -0.8090 -0.3266
vn 0.5430 -0.8090 -0.2249
vn 0.5765 -0.8090 -0.1147
vn 0.5878 -0.8090 -0.0000
vn 0.4540 -0.8910 0.0000
vn 0.4453 -0.8910 0.0886
vn 0.4194 -0.8910 0.1737
vn 0.3775 -0.8910 0.2522
vn 0.3210 -0.8910 0.3210
vn 0.2522 -0.8910 0.3775
vn 0.1737 -0.8910 0.4194
vn 0.0886 -0.8910 0.4453
vn 0.0000 -0.8910 0.4540
vn -0.0886 -0.8910 0.4453
vn -0.1737 -0.8910 0.4194
vn -0.2522 -0.8910 0.3775
vn -0.3210 -0.8910 0.3210
vn -0.3775 -0.8910 0.2522
vn -0.4194 -0.8910 0.1737
vn -0.4453 -0.8910 0.0886
vn -0.4540 -0.8910 0.0000
vn -0.4453 -0.8910 -0.0886
vn -0.4194 -0.8910 -0.1737
vn -0.3775 -0.8910 -0.2522
vn -0.3210 -0.8910 -0.3210
vn -0.2522 -0.8910 -0.3775
vn -0.1737 -0.8910 -0.4194
vn -0.0886 -0.8910 -0.4453
vn -0.0000 -0.8910 -0.4540
vn 0.0886 -0.8910 -0.4453
vn 0.1737 -0.8910 -0.4194
vn 0.2522 -0.8910 -0.3775
vn 0.3210 -0.8910 -0.3210
vn 0.3775 -0.8910 -0.2522
vn 0.4194 -0.8910 -0.1737
vn 0.4453 -0.8910 -0.0886
vn 0.4540 -0.8910 -0.0000
vn 0.3090 -0.9511 0.0000
vn 0.3031 -0.9511 0.0603
vn 0.2855 -0.9511 0.1183
vn 0.2569 -0.9511 0.1717
vn 0.2185 -0.9511 0.2185
vn 0.1717 -0.9511 0.2569
vn 0.1183 -0.9511 0.2855
vn 0.0603 -0.9511 0.3031
vn 0.0000 -0.9511 0.3090
vn -0.0603 -0.9511 0.3031
vn -0.1183 -0.9511 0.2855
vn -0.1717 -0.9511 0.2569
vn -0.2185 -0.9511 0.2185
vn -0.2569 -0.9511 0.1717
vn -0.2855 -0.9511 0.1183
vn -0.3031 -0.9511 0.0603
vn -0.3090 -0.9511 0.0000
vn -0.3031 -0.9511 -0.0603
vn -0.2855 -0.9511 -0.1183
vn -0.2569 -0.9511 -0.1717
vn -0.2185 -0.9511 -0.2185
vn -0.1717 -0.9511 -0.2569
vn -0.1183 -0.9511 -0.2855
vn -0.0603 -0.9511 -0.3031
vn -0.0000 -0.9511 -0.3090
vn 0.0603 -0.9511 -0.3031
vn 0.1183 -0.9511 -0.2855
vn 0.1717 -0.9511 -0.2569
vn 0.2185 -0.9511 -0.2185
vn 0.2569 -0.9511 -0.1717
vn 0.2855 -0.9511 -0.1183
vn 0.3031 -0.9511 -0.0603
vn 0.3090 -0.9511 -0.0000
vn 0.1564 -0.9877 0.0000
vn 0.1534 -0.9877 0.0305
vn 0.1445 -0.9877 0.0599
vn 0.1301 -0.9877 0.0869
vn 0.1106 -0.9877 0.1106
vn 0.0869 -0.9877 0.1301
vn 0.0599 -0.9877 0.1445
vn 0.0305 -0.9877 0.1534
vn 0.0000 -0.9877 0.1564
vn -0.0305 -0.9877 0.1534
vn -0.0599 -0.9877 0.1445
vn -0.0869 -0.9877 0.1301
vn -0.1106 -0.9877 0.1106
vn -0.1301 -0.9877 0.0869
vn -0.1445 -0.9877 0.0599
vn -0.1534 -0.9877 0.0305
vn -0.1564 -0.9877 0.0000
vn -0.1534 -0.9877 -0.0305
vn -0.1445 -0.9877 -0.0599
vn -0.1301 -0.9877 -0.0869
vn -0.1106 -0.9877 -0.1106
vn -0.0869 -0.9877 -0.1301
vn -0.0599 -0.9877 -0.1445
vn -0.0305 -0.9877 -0.1534
vn -0.0000 -0.9877 -0.1564
vn 0.0305 -0.9877 -0.1534
vn 0.0599 -0.9877 -0.1445
vn 0.0869 -0.9877 -0.1301
vn 0.1106 -0.9877 -0.1106
vn 0.1301 -0.9877 -0.0869
vn 0.1445 -0.9877 -0.0599
vn 0.1534 -0.9877 -0.0305
vn 0.1564 -0.9877 -0.0000
vn 0.0000 -1.0000 0.0000
vn 0.0000 -1.0000 0.0000
vn 0.0000 -1.0000 0.0000
vn 0.0000 -1.0000 0.0000
vn 0.0000 -1.0000 0.0000
vn 0.0000 -1.0000 0.0000
vn 0.0000 -1.0000 0.0000
vn 0.0000 -1.0000 0.0000
vn 0.0000 -1.0000 0.0000
vn -0.0000 -1.0000 0.0000
vn -0.0000 -1.0000 0.0000
vn -0.0000 -1.0000 0.0000
vn -0.0000 -1.0000 0.0000
vn -0.0000 -1.0000 0.0000
vn -0.0000 -1.0000 0.0000
vn -0.0000 -1.0000 0.0000
vn -0.0000 -1.0000 0.0000
vn -0.0000 -1.0000 -0.0000
vn -0.0000 -1.0000 -0.0000
vn -0.0000 -1.0000 -0.0000
vn -0.0000 -1.0000 -0.0000
vn -0.0000 -1.0000 -0.0000
vn -0.0000 -1.0000 -0.0000
vn -0.0000 -1.0000 -0.0000
vn -0.0000 -1.0000 -0.0000
vn 0.0000 -1.0000 -0.0000
vn 0.0000 -1.0000 -0.0000
vn 0.0000 -1.0000 -0.0000
vn 0.0000 -1.0000 -0.0000
vn 0.0000 -1.0000 -0.0000
vn 0.0000 -1.0000 -0.0000
vn 0.0000 -1.0000 -0.0000
vn 0.0000 -1.0000 -0.0000
vn 0.9479 -0.1219 0.2942
vn 0.9479 -0.1219 0.2942
vn 0.9479 -0.1219 0.2942
vn 0.9479 -0.2942 0.1219
vn 0.9479 -0.2942 0.1219
vn 0.9479 -0.2942 0.1219
vn 0.9479 -0.2942 -0.1219
vn 0.9479 -0.2942 -0.1219
vn 0.9479 -0.2942 -0.1219
vn 0.9479 -0.1219 -0.2942
vn 0.9479 -0.1219 -0.2942
vn 0.9479 -0.1219 -0.2942
vn 0.9479 0.1219 -0.2942
vn 0.9479 0.1219 -0.2942
vn 0.9479 0.1219 -0.2942
vn 0.9479 0.2942 -0.1219
vn 0.9479 0.2942 -0.1219
vn 0.9479 0.2942 -0.1219
vn 0.9479 0.2942 0.1219
vn 0.9479 0.2942 0.1219
vn 0.9479 0.2942 0.1219
vn 0.9479 0.1219 0.2942
vn 0.9479 0.1219 0.2942
vn 0.9479 0.1219 0.2942
vn -0.9479 -0.1219 -0.2942
vn -0.9479 -0.1219 -0.2942
vn -0.9479 -0.1219 -0.2942
vn -0.9479 -0.2942 -0.1219
vn -0.9479 -0.2942 -0.1219
vn -0.9479 -0.2942 -0.1219
vn -0.9479 -0.2942 0.1219
vn -0.9479 -0.2942 0.1219
vn -0.9479 -0.2942 0.1219
vn -0.9479 -0.1219 0.2942
vn -0.9479 -0.1219 0.2942
vn -0.9479 -0.1219 0.2942
vn -0.9479 0.1219 0.2942
vn -0.9479 0.1219 0.2942
vn -0.9479 0.1219 0.2942
vn -0.9479 0.2942 0.1219
vn -0.9479 0.2942 0.1219
vn -0.9479 0.2942 0.1219
vn -0.9479 0.2942 -0.1219
vn -0.9479 0.2942 -0.1219
vn -0.9479 0.2942 -0.1219
vn -0.9479 0.1219 -0.2942
vn -0.9479 0.1219 -0.2942
vn -0.9479 0.1219 -0.2942
vn -0.1219 0.9479 -0.2942
vn -0.1219 0.9479 -0.2942
vn -0.1219 0.9479 -0.2942
vn -0.2942 0.9479 -0.1219
vn -0.2942 0.9479 -0.1219
vn -0.2942 0.9479 -0.1219
vn -0.2942 0.9479 0.1219
vn -0.2942 0.9479 0.1219
vn -0.2942 0.9479 0.1219
vn -0.1219 0.9479 0.2942
vn -0.1219 0.9479 0.2942
vn -0.1219 0.9479 0.2942
vn 0.1219 0.9479 0.2942
vn 0.1219 0.9479 0.2942
vn 0.1219 0.9479 0.2942
vn 0.2942 0.9479 0.1219
vn 0.2942 0.9479 0.1219
vn 0.2942 0.9479 0.1219
vn 0.2942 0.9479 -0.1219
vn 0.2942 0.9479 -0.1219
vn 0.2942 0.9479 -0.1219
vn 0.1219 0.9479 -0.2942
vn 0.1219 0.9479 -0.2942
vn 0.1219 0.9479 -0.2942
vn -0.1219 -0.9479 0.2942
vn -0.1219 -0.9479 0.2942
vn -0.1219 -0.9479 0.2942
vn -0.2942 -0.9479 0.1219
vn -0.2942 -0.9479 0.1219
vn -0.2942 -0.9479 0.1219
vn -0.2942 -0.9479 -0.1219
vn -0.2942 -0.9479 -0.1219
vn -0.2942 -0.9479 -0.1219
vn -0.1219 -0.9479 -0.2942
vn -0.1219 -0.9479 -0.2942
vn -0.1219 -0.9479 -0.2942
vn 0.1219 -0.9479 -0.2942
vn 0.1219 -0.9479 -0.2942
vn 0.1219 -0.9479 -0.2942
vn 0.2942 -0.9479 -0.1219
vn 0.2942 -0.9479 -0.1219
vn 0.2942 -0.9479 -0.1219
vn 0.2942 -0.9479 0.1219
vn 0.2942 -0.9479 0.1219
vn 0.2942 -0.9479 0.1219
vn 0.1219 -0.9479 0.2942
vn 0.1219 -0.9479 0.2942
vn 0.1219 -0.9479 0.2942
vn -0.2942 -0.1219 0.9479
vn -0.2942 -0.1219 0.9479
vn -0.2942 -0.1219 0.9479
vn -0.1219 -0.2942 0.9479
vn -0.1219 -0.2942 0.9479
vn -0.1219 -0.2942 0.9479
vn 0.1219 -0.2942 0.9479
vn 0.1219 -0.2942 0.9479
vn 0.1219 -0.2942 0.9479
vn 0.2942 -0.1219 0.9479
vn 0.2942 -0.1219 0.9479
vn 0.2942 -0.1219 0.9479
vn 0.2942 0.1219 0.9479
vn 0.2942 0.1219 0.9479
vn 0.2942 0.1219 0.9479
vn 0.1219 0.2942 0.9479
vn 0.1219 0.2942 0.9479
vn 0.1219 0.2942 0.9479
vn -0.1219 0.2942 0.9479
vn -0.1219 0.2942 0.9479
vn -0.1219 0.2942 0.9479
vn -0.2942 0.1219 0.9479
vn -0.2942 0.1219 0.9479
vn -0.2942 0.1219 0.9479
vn 0.2942 -0.1219 -0.9479
vn 0.2942 -0.1219 -0.9479
vn 0.2942 -0.1219 -0.9479
vn 0.1219 -0.2942 -0.9479
vn 0.1219 -0.2942 -0.9479
vn 0.1219 -0.2942 -0.9479
vn -0.1219 -0.2942 -0.9479
vn -0.1219 -0.2942 -0.9479
vn -0.1219 -0.2942 -0.9479
vn -0.2942 -0.1219 -0.9479
vn -0.2942 -0.1219 -0.9479
vn -0.2942 -0.1219 -0.9479
vn -0.2942 0.1219 -0.9479
vn -0.2942 0.1219 -0.9479
vn -0.2942 0.1219 -0.9479
vn -0.1219 0.2942 -0.9479
vn -0.1219 0.2942 -0.9479
vn -0.1219 0.2942 -0.9479
vn 0.1219 0.2942 -0.9479
vn 0.1219 0.2942 -0.9479
vn 0.1219 0.2942 -0.9479
vn 0.2942 0.1219 -0.9479
vn 0.2942 0.1219 -0.9479
vn 0.2942 0.1219 -0.9479
vn 0.3890 0.4478 0.8051
vn 0.3890 0.4478 0.8051
vn 0.3890 0.4478 0.8051
vn 0.5812 0.3071 0.7536
vn 0.5812 0.3071 0.7536
vn 0.5812 0.3071 0.7536
vn 0.7536 0.3071 0.5812
vn 0.7536 0.3071 0.5812
vn 0.7536 0.3071 0.5812
vn 0.8051 0.4478 0.3890
vn 0.8051 0.4478 0.3890
vn 0.8051 0.4478 0.3890
vn 0.7056 0.6468 0.2895
vn 0.7056 0.6468 0.2895
vn 0.7056 0.6468 0.2895
vn 0.5134 0.7875 0.3410
vn 0.5134 0.7875 0.3410
vn 0.5134 0.7875 0.3410
vn 0.3410 0.7875 0.5134
vn 0.3410 0.7875 0.5134
vn 0.3410 0.7875 0.5134
vn 0.2895 0.6468 0.7056
vn 0.2895 0.6468 0.7056
vn 0.2895 0.6468 0.7056
vn 0.8051 0.4478 -0.3890
vn 0.8051 0.4478 -0.3890
vn 0.8051 0.4478 -0.3890
vn 0.7536 0.3071 -0.5812
vn 0.7536 0.3071 -0.5812
vn 0.7536 0.3071 -0.5812
vn 0.5812 0.3071 -0.7536
vn 0.5812 0.3071 -0.7536
vn 0.5812 0.3071 -0.7536
vn 0.3890 0.4478 -0.8051
vn 0.3890 0.4478 -0.8051
vn 0.3890 0.4478 -0.8051
vn 0.2895 0.6468 -0.7056
vn 0.2895 0.6468 -0.7056
vn 0.2895 0.6468 -0.7056
vn 0.3410 0.7875 -0.5134
vn 0.3410 0.7875 -0.5134
vn 0.3410 0.7875 -0.5134
vn 0.5134 0.7875 -0.3410
vn 0.5134 0.7875 -0.3410
vn 0.5134 0.7875 -0.3410
vn 0.7056 0.6468 -0.2895
vn 0.7056 0.6468 -0.2895
vn 0.7056 0.6468 -0.2895
vn 0.2895 -0.6468 0.7056
vn 0.2895 -0.6468 0.7056
vn 0.2895 -0.6468 0.7056
vn 0.3410 -0.7875 0.5134
vn 0.3410 -0.7875 0.5134
vn 0.3410 -0.7875 0.5134
vn 0.5134 -0.7875 0.3410
vn 0.5134 -0.7875 0.3410
vn 0.5134 -0.7875 0.3410
vn 0.7056 -0.6468 0.2895
vn 0.7056 -0.6468 0.2895
vn 0.7056 -0.6468 0.2895
vn 0.8051 -0.4478 0.3890
vn 0.8051 -0.4478 0.3890
vn 0.8051 -0.4478 0.3890
vn 0.7536 -0.3071 0.5812
vn 0.7536 -0.3071 0.5812
vn 0.7536 -0.3071 0.5812
vn 0.5812 -0.3071 0.7536
vn 0.5812 -0.3071 0.7536
vn 0.5812 -0.3071 0.7536
vn 0.3890 -0.4478 0.8051
vn 0.3890 -0.4478 0.8051
vn 0.3890 -0.4478 0.8051
vn 0.7056 -0.6468 -0.2895
vn 0.7056 -0.6468 -0.2895
vn 0.7056 -0.6468 -0.2895
vn 0.5134 -0.7875 -0.3410
vn 0.5134 -0.7875 -0.3410
vn 0.5134 -0.7875 -0.3410
vn 0.3410 -0.7875 -0.5134
vn 0.3410 -0.7875 -0.5134
vn 0.3410 -0.7875 -0.5134
vn 0.2895 -0.6468 -0.7056
vn 0.2895 -0.6468 -0.7056
vn 0.2895 -0.6468 -0.7056
vn 0.3890 -0.4478 -0.8051
vn 0.3890 -0.4478 -0.8051
vn 0.3890 -0.4478 -0.8051
vn 0.5812 -0.3071 -0.7536
vn 0.5812 -0.3071 -0.7536
vn 0.5812 -0.3071 -0.7536
vn 0.7536 -0.3071 -0.5812
vn 0.7536 -0.3071 -0.5812
vn 0.7536 -0.3071 -0.5812
vn 0.8051 -0.4478 -0.3890
vn 0.8051 -0.4478 -0.3890
vn 0.8051 -0.4478 -0.3890
vn -0.8051 0.4478 0.3890
vn -0.8051 0.4478 0.3890
vn -0.8051 0.4478 0.3890
vn -0.7536 0.3071 0.5812
vn -0.7536 0.3071 0.5812
vn -0.7536 0.3071 0.5812
vn -0.5812 0.3071 0.7536
vn -0.5812 0.3071 0.7536
vn -0.5812 0.3071 0.7536
vn -0.3890 0.4478 0.8051
vn -0.3890 0.4478 0.8051
vn -0.3890 0.4478 0.8051
vn -0.2895 0.6468 0.7056
vn -0.2895 0.6468 0.7056
vn -0.2895 0.6468 0.7056
vn -0.3410 0.7875 0.5134
vn -0.3410 0.7875 0.5134
vn -0.3410 0.7875 0.5134
vn -0.5134 0.7875 0.3410
vn -0.5134 0.7875 0.3410
vn -0.5134 0.7875 0.3410
vn -0.7056 0.6468 0.2895
vn -0.7056 0.6468 0.2895
vn -0.7056 0.6468 0.2895
vn -0.3890 0.4478 -0.8051
vn -0.3890 0.4478 -0.8051
vn -0.3890 0.4478 -0.8051
vn -0.5812 0.3071 -0.7536
vn -0.5812 0.3071 -0.7536
vn -0.5812 0.3071 -0.7536
vn -0.7536 0.3071 -0.5812
vn -0.7536 0.3071 -0.5812
vn -0.7536 0.3071 -0.5812
vn -0.8051 0.4478 -0.3890
vn -0.8051 0.4478 -0.3890
vn -0.8051 0.4478 -0.3890
vn -0.7056 0.6468 -0.2895
vn -0.7056 0.6468 -0.2895
vn -0.7056 0.6468 -0.2895
vn -0.5134 0.7875 -0.3410
vn -0.5134 0.7875 -0.3410
vn -0.5134 0.7875 -0.3410
vn -0.3410 0.7875 -0.5134
vn -0.3410 0.7875 -0.5134
vn -0.3410 0.7875 -0.5134
vn -0.2895 0.6468 -0.7056
vn -0.2895 0.6468 -0.7056
vn -0.2895 0.6468 -0.7056
vn -0.7056 -0.6468 0.2895
vn -0.7056 -0.6468 0.2895
vn -0.7056 -0.6468 0.2895
vn -0.5134 -0.7875 0.3410
vn -0.5134 -0.7875 0.3410
vn -0.5134 -0.7875 0.3410
vn -0.3410 -0.7875 0.5134
vn -0.3410 -0.7875 0.5134
vn -0.3410 -0.7875 0.5134
vn -0.2895 -0.6468 0.7056
vn -0.2895 -0.6468 0.7056
vn -0.2895 -0.6468 0.7056
vn -0.3890 -0.4478 0.8051
vn -0.3890 -0.4478 0.8051
vn -0.3890 -0.4478 0.8051
vn -0.5812 -0.3071 0.7536
vn -0.5812 -0.3071 0.7536
vn -0.5812 -0.3071 0.7536
vn -0.7536 -0.3071 0.5812
vn -0.7536 -0.3071 0.5812
vn -0.7536 -0.3071 0.5812
vn -0.8051 -0.4478 0.3890
vn -0.8051 -0.4478 0.3890
vn -0.8051 -0.4478 0.3890
vn -0.2895 -0.6468 -0.7056
vn -0.2895 -0.6468 -0.7056
vn -0.2895 -0.6468 -0.7056
vn -0.3410 -0.7875 -0.5134
vn -0.3410 -0.7875 -0.5134
vn -0.3410 -0.7875 -0.5134
vn -0.5134 -0.7875 -0.3410
vn -0.5134 -0.7875 -0.3410
vn -0.5134 -0.7875 -0.3410
vn -0.7056 -0.6468 -0.2895
vn -0.7056 -0.6468 -0.2895
vn -0.7056 -0.6468 -0.2895
vn -0.8051 -0.4478 -0.3890
vn -0.8051 -0.4478 -0.3890
vn -0.8051 -0.4478 -0.3890
vn -0.7536 -0.3071 -0.5812
vn -0.7536 -0.3071 -0.5812
vn -0.7536 -0.3071 -0.5812
vn -0.5812 -0.3071 -0.7536
vn -0.5812 -0.3071 -0.7536
vn -0.5812 -0.3071 -0.7536
vn -0.3890 -0.4478 -0.8051
vn -0.3890 -0.4478 -0.8051
vn -0.3890 -0.4478 -0.8051
s 1
f 1/1/1 35/35/35 34/34/34
f 2/2/2 36/36/36 35/35/35
f 3/3/3 37/37/37 36/36/36
f 4/4/4 38/38/38 37/37/37
f 5/5/5 39/39/39 38/38/38
f 6/6/6 40/40/40 39/39/39
f 7/7/7 41/41/41 40/40/40
f 8/8/8 42/42/42 41/41/41
f 9/9/9 43/43/43 42/42/42
f 10/10/10 44/44/44 43/43/43
f 11/11/11 45/45/45 44/44/44
f 12/12/12 46/46/46 45/45/45
f 13/13/13 47/47/47 46/46/46
f 14/14/14 48/48/48 47/47/47
f 15/15/15 49/49/49 48/48/48
f 16/16/16 50/50/50 49/49/49
f 17/17/17 51/51/51 50/50/50
f 18/18/18 52/52/52 51/51/51
f 19/19/19 53/53/53 52/52/52
f 20/20/20 54/54/54 53/53/53
f 21/21/21 55/55/55 54/54/54
f 22/22/22 56/56/56 55/55/55
f 23/23/23 57/57/57 56/56/56
f 24/24/24 58/58/58 57/57/57
f 25/25/25 59/59/59 58/58/58
f 26/26/26 60/60/60 59/59/59
f 27/27/27 61/61/61 60/60/60
f 28/28/28 62/62/62 61/61/61
f 29/29/29 63/63/63 62/62/62
f 30/30/30 64/64/64 63/63/63
f 31/31/31 65/65/65 64/64/64
f 32/32/32 66/66/66 65/65/65
f 34/34/34 68/68/68 67/67/67
f 34/34/34 35/35/35 68/68/68
f 35/35/35 69/69/69 68/68/68
f 35/35/35 36/36/36 69/69/69
f 36/36/36 70/70/70 69/69/69
f 36/36/36 37/37/37 70/70/70
f 37/37/37 71/71/71 70/70/70
f 37/37/37 38/38/38 71/71/71
f 38/38/38 72/72/72 71/71/71
f 38/38/38 39/39/39 72/72/72
f 39/39/39 73/73/73 72/72/72
f 39/39/39 40/40/40 73/73/73
f 40/40/40 74/74/74 73/73/73
f 40/40/40 41/41/41 74/74/74
f 41/41/41 75/75/75 74/74/74
f 41/41/41 42/42/42 75/75/75
f 42/42/42 76/76/76 75/75/75
f 42/42/42 43/43/43 76/76/76
f 43/43/43 77/77/77 76/76/76
f 43/43/43 44/44/44 77/77/77
f 44/44/44 78/78/78 77/77/77
f 44/44/44 45/45/45 78/78/78
f 45/45/45 79/79/79 78/78/78
f 45/45/45 46/46/46 79/79/79
f 46/46/46 80/80/80 79/79/79
f 46/46/46 47/47/47 80/80/80
f 47/47/47 81/81/81 80/80/80
f 47/47/47 48/48/48 81/81/81
f 48/48/48 82/82/82 81/81/81
f 48/48/48 49/49/49 82/82/82
f 49/49/49 83/83/83 82/82/82
f 49/49/49 50/50/50 83/83/83
f 50/50/50 84/84/84 83/83/83
f 50/50/50 51/51/51 84/84/84
f 51/51/51 85/85/85 84/84/84
f 51/51/51 52/52/52 85/85/85
f 52/52/52 86/86/86 85/85/85
f 52/52/52 53/53/53 86/86/86
f 53/53/53 87/87/87 86/86/86
f 53/53/53 54/54/54 87/87/87
f 54/54/54 88/88/88 87/87/87
f 54/54/54 55/55/55 88/88/88
f 55/55/55 89/89/89 88/88/88
f 55/55/55 56/56/56 89/89/89
f 56/56/56 90/90/90 89/89/89
f 56/56/56 57/57/57 90/90/90
f 57/57/57 91/91/91 90/90/90
f 57/57/57 58/58/58 91/91/91
f 58/58/58 92/92/92 91/91/91
f 58/58/58 59/59/59 92/92/92
f 59/59/59 93/93/93 92/92/92
f 59/59/59 60/60/60 93/93/93
f 60/60/60 94/94/94 93/93/93
f 60/60/60 61/61/61 94/94/94
f 61/61/61 95/95/95 94/94/94
f 61/61/61 62/62/62 95/95/95
f 62/62/62 96/96/96 95/95/95
f 62/62/62 63/63/63 96/96/96
f 63/63/63 97/97/97 96/96/96
f 63/63/63 64/64/64 97/97/97
f 64/64/64 98/98/98 97/97/97
f 64/64/64 65/65/65 98/98/98
f 65/65/65 99/99/99 98/98/98
f 65/65/65 66/66/66 99/99/99
f 67/67/67 101/101/101 100/100/100
f 67/67/67 68/68/68 101/101/101
f 68/68/68 102/102/102 101/101/101
f 68/68/68 69/69/69 102/102/102
f 69/69/69 103/103/103 102/102/102
f 69/69/69 70/70/70 103/103/103
f 70/70/70 104/104/104 103/103/103
f 70/70/70 71/71/71 104/104/104
f 71/71/71 105/105/105 104/104/104
f 71/71/71 72/72/72 105/105/105
f 72/72/72 106/106/106 105/105/105
f 72/72/72 73/73/73 106/106/106
f 73/73/73 107/107/107 106/106/106
f 73/73/73 74/74/74 107/107/107
f 74/74/74 108/108/108 107/107/107
f 74/74/74 75/75/75 108/108/108
f 75/75/75 109/109/109 108/108/108
f 75/75/75 76/76/76 109/109/109
f 76/76/76 110/110/110 109/109/109
f 76/76/76 77/77/77 110/110/110
f 77/77/77 111/111/111 110/110/110
f 77/77/77 78/78/78 111/111/111
f 78/78/78 112/112/112 111/111/111
f 78/78/78 79/79/79 112/112/112
f 79/79/79 113/113/113 112/112/112
f 79/79/79 80/80/80 113/113/113
f 80/80/80 114/114/114 113/113/113
f 80/80/80 81/81/81 114/114/114
f 81/81/81 115/115/115 114/114/114
f 81/81/81 82/82/82 115/115/115
f 82/82/82 116/116/116 115/115/115
f 82/82/82 83/83/83 116/116/116
f 83/83/83 117/117/117 116/116/116
f 83/83/83 84/84/84 117/117/117
f 84/84/84 118/118/118 117/117/117
f 84/84/84 85/85/85 118/118/118
f 85/85/85 119/119/119 118/118/118
f 85/85/85 86/86/86 119/119/119
f 86/86/86 120/120/120 119/119/119
f 86/86/86 87/87/87 120/120/120
f 87/87/87 121/121/121 120/120/120
f 87/87/87 88/88/88 121/121/121
f 88/88/88 122/122/122 121/121/121
f 88/88/88 89/89/89 122/122/122
f 89/89/89 123/123/123 122/122/122
f 89/89/89 90/90/90 123/123/123
f 90/90/90 124/124/124 123/123/123
f 90/90/90 91/91/91 124/124/124
f 91/91/91 125/125/125 124/124/124
f 91/91/91 92/92/92 125/125/125
f 92/92/92 126/126/126 125/125/125
f 92/92/92 93/93/93 126/126/126
f 93/93/93 127/127/127 126/126/126
f 93/93/93 94/94/94 127/127/127
f 94/94/94 128/128/128 127/127/127
f 94/94/94 95/95/95 128/128/128
f 95/95/95 129/129/129 128/128/128
f 95/95/95 96/96/96 129/129/129
f 96/96/96 130/130/130 129/129/129
f 96/96/96 97/97/97 130/130/130
f 97/97/97 131/131/131 130/130/130
f 97/97/97 98/98/98 131/131/131
f 98/98/98 132/132/132 131/131/131
f 98/98/98 99/99/99 132/132/132
f 100/100/100 134/134/134 133/133/133
f 100/100/100 101/101/101 134/134/134
f 101/101/101 135/135/135 134/134/134
f 101/101/101 102/102/102 135/135/135
f 102/102/102 136/136/136 135/135/135
f 102/102/102 103/103/103 136/136/136
f 103/103/103 137/137/137 136/136/136
f 103/103/103 104/104/104 137/137/137
f 104/104/104 138/138/138 137/137/137
f 104/104/104 105/105/105 138/138/138
f 105/105/105 139/139/139 138/138/138
f 105/105/105 106/106/106 139/139/139
f 106/106/106 140/140/140 139/139/139
f 106/106/106 107/107/107 140/140/140
f 107/107/107 141/141/141 140/140/140
f 107/107/107 108/108/108 141/141/141
f 108/108/108 142/142/142 141/141/141
f 108/108/108 109/109/109 142/142/142
f 109/109/109 143/143/143 142/142/142
f 109/109/109 110/110/110 143/143/143
f 110/110/110 144/144/144 143/143/143
f 110/110/110 111/111/111 144/144/144
f 111/111/111 145/145/145 144/144/144
f 111/111/111 112/112/112 145/145/145
f 112/112/112 146/146/146 145/145/145
f 112/112/112 113/113/113 146/146/146
f 113/113/113 147/147/147 146/146/146
f 113/113/113 114/114/114 147/147/147
f 114/114/114 148/148/148 147/147/147
f 114/114/114 115/115/115 148/148/148
f 115/115/115 149/149/149 148/148/148
f 115/115/115 116/116/116 149/149/149
f 116/116/116 150/150/150 149/149/149
f 116/116/116 117/117/117 150/150/150
f 117/117/117 151/151/151 150/150/150
f 117/117/117 118/118/118 151/151/151
f 118/118/118 152/152/152 151/151/151
f 118/118/118 119/119/119 152/152/152
f 119/119/119 153/153/153 152/152/152
f 119/119/119 120/120/120 153/153/153
f 120/120/120 154/154/154 153/153/153
f 120/120/120 121/121/121 154/154/154
f 121/121/121 155/155/155 154/154/154
f 121/121/121 122/122/122 155/155/155
f 122/122/122 156/156/156 155/155/155
f 122/122/122 123/123/123 156/156/156
f 123/123/123 157/157/157 156/156/156
f 123/123/123 124/124/124 157/157/157
f 124/124/124 158/158/158 157/157/157
f 124/124/124 125/125/125 158/158/158
f 125/125/125 159/159/159 158/158/158
f 125/125/125 126/126/126 159/159/159
f 126/126/126 160/160/160 159/159/159
f 126/126/126 127/127/127 160/160/160
f 127/127/127 161/161/161 160/160/160
f 127/127/127 128/128/128 161/161/161
f 128/128/128 162/162/162 161/161/161
f 128/128/128 129/129/129 162/162/162
f 129/129/129 163/163/163 162/162/162
f 129/129/129 130/130/130 163/163/163
f 130/130/130 164/164/164 163/163/163
f 130/130/130 131/131/131 164/164/164
f 131/131/131 165/165/165 164/164/164
f 131/131/131 132/132/132 165/165/165
f 133/133/133 167/167/167 166/166/166
f 133/133/133 134/134/134 167/167/167
f 134/134/134 168/168/168 167/167/167
f 134/134/134 135/135/135 168/168/168
f 135/135/135 169/169/169 168/168/168
f 135/135/135 136/136/136 169/169/169
f 136/136/136 170/170/170 169/169/169
f 136/136/136 137/137/137 170/170/170
f 137/137/137 171/171/171 170/170/170
f 137/137/137 138/138/138 171/171/171
f 138/138/138 172/172/172 171/171/171
f 138/138/138 139/139/139 172/172/172
f 139/139/139 173/173/173 172/172/172
f 139/139/139 140/140/140 173/173/173
f 140/140/140 174/174/174 173/173/173
f 140/140/140 141/141/141 174/174/174
f 141/141/141 175/175/175 174/174/174
f 141/141/141 142/142/142 175/175/175
f 142/142/142 176/176/176 175/175/175
f 142/142/142 143/143/143 176/176/176
f 143/143/143 177/177/177 176/176/176
f 143/143/143 144/144/144 177/177/177
f 144/144/144 178/178/178 177/177/177
f 144/144/144 145/145/145 178/178/178
f 145/145/145 179/179/179 178/178/178
f 145/145/145 146/146/146 179/179/179
f 146/146/146 180/180/180 179/179/179
f 146/146/146 147/147/147 180/180/180
f 147/147/147 181/181/181 180/180/180
f 147/147/147 148/148/148 181/181/181
f 148/148/148 182/182/182 181/181/181
f 148/148/148 149/149/149 182/182/182
f 149/149/149 183/183/183 182/182/182
f 149/149/149 150/150/150 183/183/183
f 150/150/150 184/184/184 183/183/183
f 150/150/150 151/151/151 184/184/184
f 151/151/151 185/185/185 184/184/184
f 151/151/151 152/152/152 185/185/185
f 152/152/152 186/186/186 185/185/185
f 152/152/152 153/153/153 186/186/186
f 153/153/153 187/187/187 186/186/186
f 153/153/153 154/154/154 187/187/187
f 154/154/154 188/188/188 187/187/187
f 154/154/154 155/155/155 188/188/188
f 155/155/155 189/189/189 188/188/188
f 155/155/155 156/156/156 189/189/189
f 156/156/156 190/190/190 189/189/189
f 156/156/156 157/157/157 190/190/190
f 157/157/157 191/191/191 190/190/190
f 157/157/157 158/158/158 191/191/191
f 158/158/158 192/192/192 191/191/191
f 158/158/158 159/159/159 192/192/192
f 159/159/159 193/193/193 192/192/192
f 159/159/159 160/160/160 193/193/193
f 160/160/160 194/194/194 193/193/193
f 160/160/160 161/161/161 194/194/194
f 161/161/161 195/195/195 194/194/194
f 161/161/161 162/162/162 195/195/195
f 162/162/162 196/196/196 195/195/195
f 162/162/162 163/163/163 196/196/196
f 163/163/163 197/197/197 196/196/196
f 163/163/163 164/164/164 197/197/197
f 164/164/164 198/198/198 197/197/197
f 164/164/164 165/165/165 198/198/198
f 166/166/166 200/200/200 199/199/199
f 166/166/166 167/167/167 200/200/200
f 167/167/167 201/201/201 200/200/200
f 167/167/167 168/168/168 201/201/201
f 168/168/168 202/202/202 201/201/201
f 168/168/168 169/169/169 202/202/202
f 169/169/169 203/203/203 202/202/202
f 169/169/169 170/170/170 203/203/203
f 170/170/170 204/204/204 203/203/203
f 170/170/170 171/171/171 204/204/204
f 171/171/171 205/205/205 204/204/204
f 171/171/171 172/172/172 205/205/205
f 172/172/172 206/206/206 205/205/205
f 172/172/172 173/173/173 206/206/206
f 173/173/173 207/207/207 206/206/206
f 173/173/173 174/174/174 207/207/207
f 174/174/174 208/208/208 207/207/207
f 174/174/174 175/175/175 208/208/208
f 175/175/175 209/209/209 208/208/208
f 175/175/175 176/176/176 209/209/209
f 176/176/176 210/210/210 209/209/209
f 176/176/176 177/177/177 210/210/210
f 177/177/177 211/211/211 210/210/210
f 177/177/177 178/178/178 211/211/211
f 178/178/178 212/212/212 211/211/211
f 178/178/178 179/179/179 212/212/212
f 179/179/179 213/213/213 212/212/212
f 179/179/179 180/180/180 213/213/213
f 180/180/180 214/214/214 213/213/213
f 180/180/180 181/181/181 214/214/214
f 181/181/181 215/215/215 214/214/214
f 181/181/181 182/182/182 215/215/215
f 182/182/182 216/216/216 215/215/215
f 182/182/182 183/183/183 216/216/216
f 183/183/183 217/217/217 216/216/216
f 183/183/183 184/184/184 217/217/217
f 184/184/184 218/218/218 217/217/217
f 184/184/184 185/185/185 218/218/218
f 185/185/185 219/219/219 218/218/218
f 185/185/185 186/186/186 219/219/219
f 186/186/186 220/220/220 219/219/219
f 186/186/186 187/187/187 220/220/220
f 187/187/187 221/221/221 220/220/220
f 187/187/187 188/188/188 221/221/221
f 188/188/188 222/222/222 221/221/221
f 188/188/188 189/189/189 222/222/222
f 189/189/189 223/223/223 222/222/222
f 189/189/189 190/190/190 223/223/223
f 190/190/190 224/224/224 223/223/223
f 190/190/190 191/191/191 224/224/224
f 191/191/191 225/225/225 224/224/224
f 191/191/191 192/192/192 225/225/225
f 192/192/192 226/226/226 225/225/225
f 192/192/192 193/193/193 226/226/226
f 193/193/193 227/227/227 226/226/226
f 193/193/193 194/194/194 227/227/227
f 194/194/194 228/228/228 227/227/227
f 194/194/194 195/195/195 228/228/228
f 195/195/195 229/229/229 228/228/228
f 195/195/195 196/196/196 229/229/229
f 196/196/196 230/230/230 229/229/229
f 196/196/196 197/197/197 230/230/230
f 197/197/197 231/231/231 230/230/230
f 197/197/197 198/198/198 231/231/231
f 199/199/199 233/233/233 232/232/232
f 199/199/199 200/200/200 233/233/233
f 200/200/200 234/234/234 233/233/233
f 200/200/200 201/201/201 234/234/234
f 201/201/201 235/235/235 234/234/234
f 201/201/201 202/202/202 235/235/235
f 202/202/202 236/236/236 235/235/235
f 202/202/202 203/203/203 236/236/236
f 203/203/203 237/237/237 236/236/236
f 203/203/203 204/204/204 237/237/237
f 204/204/204 238/238/238 237/237/237
f 204/204/204 205/205/205 238/238/238
f 205/205/205 239/239/239 238/238/238
f 205/205/205 206/206/206 239/239/239
f 206/206/206 240/240/240 239/239/239
f 206/206/206 207/207/207 240/240/240
f 207/207/207 241/241/241 240/240/240
f 207/207/207 208/208/208 241/241/241
f 208/208/208 242/242/242 241/241/241
f 208/208/208 209/209/209 242/242/242
f 209/209/209 243/243/243 242/242/242
f 209/209/209 210/210/210 243/243/243
f 210/210/210 244/244/244 243/243/243
f 210/210/210 211/211/211 244/244/244
f 211/211/211 245/245/245 244/244/244
f 211/211/211 212/212/212 245/245/245
f 212/212/212 246/246/246 245/245/245
f 212/212/212 213/213/213 246/246/246
f 213/213/213 247/247/247 246/246/246
f 213/213/213 214/214/214 247/247/247
f 214/214/214 248/248/248 247/247/247
f 214/214/214 215/215/215 248/248/248
f 215/215/215 249/249/249 248/248/248
f 215/215/215 216/216/216 249/249/249
f 216/216/216 250/250/250 249/249/249
f 216/216/216 217/217/217 250/250/250
f 217/217/217 251/251/251 250/250/250
f 217/217/217 218/218/218 251/251/251
f 218/218/218 252/252/252 251/251/251
f 218/218/218 219/219/219 252/252/252
f 219/219/219 253/253/253 252/252/252
f 219/219/219 220/220/220 253/253/253
f 220/220/220 254/254/254 253/253/253
f 220/220/220 221/221/221 254/254/254
f 221/221/221 255/255/255 254/254/254
f 221/221/221 222/222/222 255/255/255
f 222/222/222 256/256/256 255/255/255
f 222/222/222 223/223/223 256/256/256
f 223/223/223 257/257/257 256/256/256
f 223/223/223 224/224/224 257/257/257
f 224/224/224 258/258/258 257/257/257
f 224/224/224 225/225/225 258/258/258
f 225/225/225 259/259/259 258/258/258
f 225/225/225 226/226/226 259/259/259
f 226/226/226 260/260/260 259/259/259
f 226/226/226 227/227/227 260/260/260
f 227/227/227 261/261/261 260/260/260
f 227/227/227 228/228/228 261/261/261
f 228/228/228 262/262/262 261/261/261
f 228/228/228 229/229/229 262/262/262
f 229/229/229 263/263/263 262/262/262
f 229/229/229 230/230/230 263/263/263
f 230/230/230 264/264/264 263/263/263
f 230/230/230 231/231/231 264/264/264
f 232/232/232 266/266/266 265/265/265
f 232/232/232 233/233/233 266/266/266
f 233/233/233 267/267/267 266/266/266
f 233/233/233 234/234/234 267/267/267
f 234/234/234 268/268/268 267/267/267
f 234/234/234 235/235/235 268/268/268
f 235/235/235 269/269/269 268/268/268
f 235/235/235 236/236/236 269/269/269
f 236/236/236 270/270/270 269/269/269
f 236/236/236 237/237/237 270/270/270
f 237/237/237 271/271/271 270/270/270
f 237/237/237 238/238/238 271/271/271
f 238/238/238 272/272/272 271/271/271
f 238/238/238 239/239/239 272/272/272
f 239/239/239 273/273/273 272/272/272
f 239/239/239 240/240/240 273/273/273
f 240/240/240 274/274/274 273/273/273
f 240/240/240 241/241/241 274/274/274
f 241/241/241 275/275/275 274/274/274
f 241/241/241 242/242/242 275/275/275
f 242/242/242 276/276/276 275/275/275
f 242/242/242 243/243/243 276/276/276
f 243/243/243 277/277/277 276/276/276
f 243/243/243 244/244/244 277/277/277
f 244/244/244 278/278/278 277/277/277
f 244/244/244 245/245/245 278/278/278
f 245/245/245 279/279/279 278/278/278
f 245/245/245 246/246/246 279/279/279
f 246/246/246 280/280/280 279/279/279
f 246/246/246 247/247/247 280/280/280
f 247/247/247 281/281/281 280/280/280
f 247/247/247 248/248/248 281/281/281
f 248/248/248 282/282/282 281/281/281
f 248/248/248 249/249/249 282/282/282
f 249/249/249 283/283/283 282/282/282
f 249/249/249 250/250/250 283/283/283
f 250/250/250 284/284/284 283/283/283
f 250/250/250 251/251/251 284/284/284
f 251/251/251 285/285/285 284/284/284
f 251/251/251 252/252/252 285/285/285
f 252/252/252 286/286/286 285/285/285
f 252/252/252 253/253/253 286/286/286
f 253/253/253 287/287/287 286/286/286
f 253/253/253 254/254/254 287/287/287
f 254/254/254 288/288/288 287/287/287
f 254/254/254 255/255/255 288/288/288
f 255/255/255 289/289/289 288/288/288
f 255/255/255 256/256/256 289/289/289
f 256/256/256 290/290/290 289/289/289
f 256/256/256 257/257/257 290/290/290
f 257/257/257 291/291/291 290/290/290
f 257/257/257 258/258/258 291/291/291
f 258/258/258 292/292/292 291/291/291
f 258/258/258 259/259/259 292/292/292
f 259/259/259 293/293/293 292/292/292
f 259/259/259 260/260/260 293/293/293
f 260/260/260 294/294/294 293/293/293
f 260/260/260 261/261/261 294/294/294
f 261/261/261 295/295/295 294/294/294
f 261/261/261 262/262/262 295/295/295
f 262/262/262 296/296/296 295/295/295
f 262/262/262 263/263/263 296/296/296
f 263/263/263 297/297/297 296/296/296
f 263/263/263 264/264/264 297/297/297
f 265/265/265 299/299/299 298/298/298
f 265/265/265 266/266/266 299/299/299
f 266/266/266 300/300/300 299/299/299
f 266/266/266 267/267/267 300/300/300
f 267/267/267 301/301/301 300/300/300
f 267/267/267 268/268/268 301/301/301
f 268/268/268 302/302/302 301/301/301
f 268/268/268 269/269/269 302/302/302
f 269/269/269 303/303/303 302/302/302
f 269/269/269 270/270/270 303/303/303
f 270/270/270 304/304/304 303/303/303
f 270/270/270 271/271/271 304/304/304
f 271/271/271 305/305/305 304/304/304
f 271/271/271 272/272/272 305/305/305
f 272/272/272 306/306/306 305/305/305
f 272/272/272 273/273/273 306/306/306
f 273/273/273 307/307/307 306/306/306
f 273/273/273 274/274/274 307/307/307
f 274/274/274 308/308/308 307/307/307
f 274/274/274 275/275/275 308/308/308
f 275/275/275 309/309/309 308/308/308
f 275/275/275 276/276/276 309/309/309
f 276/276/276 310/310/310 309/309/309
f 276/276/276 277/277/277 310/310/310
f 277/277/277 311/311/311 310/310/310
f 277/277/277 278/278/278 311/311/311
f 278/278/278 312/312/312 311/311/311
f 278/278/278 279/279/279 312/312/312
f 279/279/279 313/313/313 312/312/312
f 279/279/279 280/280/280 313/313/313
f 280/280/280 314/314/314 313/313/313
f 280/280/280 281/281/281 314/314/314
f 281/281/281 315/315/315 314/314/314
f 281/281/281 282/282/282 315/315/315
f 282/282/282 316/316/316 315/315/315
f 282/282/282 283/283/283 316/316/316
f 283/283/283 317/317/317 316/316/316
f 283/283/283 284/284/284 317/317/317
f 284/284/284 318/318/318 317/317/317
f 284/284/284 285/285/285 318/318/318
f 285/285/285 319/319/319 318/318/318
f 285/285/285 286/286/286 319/319/319
f 286/286/286 320/320/320 319/319/319
f 286/286/286 287/287/287 320/320/320
f 287/287/287 321/321/321 320/320/320
f 287/287/287 288/288/288 321/321/321
f 288/288/288 322/322/322 321/321/321
f 288/288/288 289/289/289 322/322/322
f 289/289/289 323/323/323 322/322/322
f 289/289/289 290/290/290 323/323/323
f 290/290/290 324/324/324 323/323/323
f 290/290/290 291/291/291 324/324/324
f 291/291/291 325/325/325 324/324/324
f 291/291/291 292/292/292 325/325/325
f 292/292/292 326/326/326 325/325/325
f 292/292/292 293/293/293 326/326/326
f 293/293/293 327/327/327 326/326/326
f 293/293/293 294/294/294 327/327/327
f 294/294/294 328/328/328 327/327/327
f 294/294/294 295/295/295 328/328/328
f 295/295/295 329/329/329 328/328/328
f 295/295/295 296/296/296 329/329/329
f 296/296/296 330/330/330 329/329/329
f 296/296/296 297/297/297 330/330/330
f 298/298/298 332/332/332 331/331/331
f 298/298/298 299/299/299 332/332/332
f 299/299/299 333/333/333 332/332/332
f 299/299/299 300/300/300 333/333/333
f 300/300/300 334/334/334 333/333/333
f 300/300/300 301/301/301 334/334/334
f 301/301/301 335/335/335 334/334/334
f 301/301/301 302/302/302 335/335/335
f 302/302/302 336/336/336 335/335/335
f 302/302/302 303/303/303 336/336/336
f 303/303/303 337/337/337 336/336/336
f 303/303/303 304/304/304 337/337/337
f 304/304/304 338/338/338 337/337/337
f 304/304/304 305/305/305 338/338/338
f 305/305/305 339/339/339 338/338/338
f 305/305/305 306/306/306 339/339/339
f 306/306/306 340/340/340 339/339/339
f 306/306/306 307/307/307 340/340/340
f 307/307/307 341/341/341 340/340/340
f 307/307/307 308/308/308 341/341/341
f 308/308/308 342/342/342 341/341/341
f 308/308/308 309/309/309 342/342/342
f 309/309/309 343/343/343 342/342/342
f 309/309/309 310/310/310 343/343/343
f 310/310/310 344/344/344 343/343/343
f 310/310/310 311/311/311 344/344/344
f 311/311/311 345/345/345 344/344/344
f 311/311/311 312/312/312 345/345/345
f 312/312/312 346/346/346 345/345/345
f 312/312/312 313/313/313 346/346/346
f 313/313/313 347/347/347 346/346/346
f 313/313/313 314/314/314 347/347/347
f 314/314/314 348/348/348 347/347/347
f 314/314/314 315/315/315 348/348/348
f 315/315/315 349/349/349 348/348/348
f 315/315/315 316/316/316 349/349/349
f 316/316/316 350/350/350 349/349/349
f 316/316/316 317/317/317 350/350/350
f 317/317/317 351/351/351 350/350/350
f 317/317/317 318/318/318 351/351/351
f 318/318/318 352/352/352 351/351/351
f 318/318/318 319/319/319 352/352/352
f 319/319/319 353/353/353 352/352/352
f 319/319/319 320/320/320 353/353/353
f 320/320/320 354/354/354 353/353/353
f 320/320/320 321/321/321 354/354/354
f 321/321/321 355/355/355 354/354/354
f 321/321/321 322/322/322 355/355/355
f 322/322/322 356/356/356 355/355/355
f 322/322/322 323/323/323 356/356/356
f 323/323/323 357/357/357 356/356/356
f 323/323/323 324/324/324 357/357/357
f 324/324/324 358/358/358 357/357/357
f 324/324/324 325/325/325 358/358/358
f 325/325/325 359/359/359 358/358/358
f 325/325/325 326/326/326 359/359/359
f 326/326/326 360/360/360 359/359/359
f 326/326/326 327/327/327 360/360/360
f 327/327/327 361/361/361 360/360/360
f 327/327/327 328/328/328 361/361/361
f 328/328/328 362/362/362 361/361/361
f 328/328/328 329/329/329 362/362/362
f 329/329/329 363/363/363 362/362/362
f 329/329/329 330/330/330 363/363/363
f 331/331/331 365/365/365 364/364/364
f 331/331/331 332/332/332 365/365/365
f 332/332/332 366/366/366 365/365/365
f 332/332/332 333/333/333 366/366/366
f 333/333/333 367/367/367 366/366/366
f 333/333/333 334/334/334 367/367/367
f 334/334/334 368/368/368 367/367/367
f 334/334/334 335/335/335 368/368/368
f 335/335/335 369/369/369 368/368/368
f 335/335/335 336/336/336 369/369/369
f 336/336/336 370/370/370 369/369/369
f 336/336/336 337/337/337 370/370/370
f 337/337/337 371/371/371 370/370/370
f 337/337/337 338/338/338 371/371/371
f 338/338/338 372/372/372 371/371/371
f 338/338/338 339/339/339 372/372/372
f 339/339/339 373/373/373 372/372/372
f 339/339/339 340/340/340 373/373/373
f 340/340/340 374/374/374 373/373/373
f 340/340/340 341/341/341 374/374/374
f 341/341/341 375/375/375 374/374/374
f 341/341/341 342/342/342 375/375/375
f 342/342/342 376/376/376 375/375/375
f 342/342/342 343/343/343 376/376/376
f 343/343/343 377/377/377 376/376/376
f 343/343/343 344/344/344 377/377/377
f 344/344/344 378/378/378 377/377/377
f 344/344/344 345/345/345 378/378/378
f 345/345/345 379/379/379 378/378/378
f 345/345/345 346/346/346 379/379/379
f 346/346/346 380/380/380 379/379/379
f 346/346/346 347/347/347 380/380/380
f 347/347/347 381/381/381 380/380/380
f 347/347/347 348/348/348 381/381/381
f 348/348/348 382/382/382 381/381/381
f 348/348/348 349/349/349 382/382/382
f 349/349/349 383/383/383 382/382/382
f 349/349/349 350/350/350 383/383/383
f 350/350/350 384/384/384 383/383/383
f 350/350/350 351/351/351 384/384/384
f 351/351/351 385/385/385 384/384/384
f 351/351/351 352/352/352 385/385/385
f 352/352/352 386/386/386 385/385/385
f 352/352/352 353/353/353 386/386/386
f 353/353/353 387/387/387 386/386/386
f 353/353/353 354/354/354 387/387/387
f 354/354/354 388/388/388 387/387/387
f 354/354/354 355/355/355 388/388/388
f 355/355/355 389/389/389 388/388/388
f 355/355/355 356/356/356 389/389/389
f 356/356/356 390/390/390 389/389/389
f 356/356/356 357/357/357 390/390/390
f 357/357/357 391/391/391 390/390/390
f 357/357/357 358/358/358 391/391/391
f 358/358/358 392/392/392 391/391/391
f 358/358/358 359/359/359 392/392/392
f 359/359/359 393/393/393 392/392/392
f 359/359/359 360/360/360 393/393/393
f 360/360/360 394/394/394 393/393/393
f 360/360/360 361/361/361 394/394/394
f 361/361/361 395/395/395 394/394/394
f 361/361/361 362/362/362 395/395/395
f 362/362/362 396/396/396 395/395/395
f 362/362/362 363/363/363 396/396/396
f 364/364/364 398/398/398 397/397/397
f 364/364/364 365/365/365 398/398/398
f 365/365/365 399/399/399 398/398/398
f 365/365/365 366/366/366 399/399/399
f 366/366/366 400/400/400 399/399/399
f 366/366/366 367/367/367 400/400/400
f 367/367/367 401/401/401 400/400/400
f 367/367/367 368/368/368 401/401/401
f 368/368/368 402/402/402 401/401/401
f 368/368/368 369/369/369 402/402/402
f 369/369/369 403/403/403 402/402/402
f 369/369/369 370/370/370 403/403/403
f 370/370/370 404/404/404 403/403/403
f 370/370/370 371/371/371 404/404/404
f 371/371/371 405/405/405 404/404/404
f 371/371/371 372/372/372 405/405/405
f 372/372/372 406/406/406 405/405/405
f 372/372/372 373/373/373 406/406/406
f 373/373/373 407/407/407 406/406/406
f 373/373/373 374/374/374 407/407/407
f 374/374/374 408/408/408 407/407/407
f 374/374/374 375/375/375 408/408/408
f 375/375/375 409/409/409 408/408/408
f 375/375/375 376/376/376 409/409/409
f 376/376/376 410/410/410 409/409/409
f 376/376/376 377/377/377 410/410/410
f 377/377/377 411/411/411 410/410/410
f 377/377/377 378/378/378 411/411/411
f 378/378/378 412/412/412 411/411/411
f 378/378/378 379/379/379 412/412/412
f 379/379/379 413/413/413 412/412/412
f 379/379/379 380/380/380 413/413/413
f 380/380/380 414/414/414 413/413/413
f 380/380/380 381/381/381 414/414/414
f 381/381/381 415/415/415 414/414/414
f 381/381/381 382/382/382 415/415/415
f 382/382/382 416/416/416 415/415/415
f 382/382/382 383/383/383 416/416/416
f 383/383/383 417/417/417 416/416/416
f 383/383/383 384/384/384 417/417/417
f 384/384/384 418/418/418 417/417/417
f 384/384/384 385/385/385 418/418/418
f 385/385/385 419/419/419 418/418/418
f 385/385/385 386/386/386 419/419/419
f 386/386/386 420/420/420 419/419/419
f 386/386/386 387/387/387 420/420/420
f 387/387/387 421/421/421 420/420/420
f 387/387/387 388/388/388 421/421/421
f 388/388/388 422/422/422 421/421/421
f 388/388/388 389/389/389 422/422/422
f 389/389/389 423/423/423 422/422/422
f 389/389/389 390/390/390 423/423/423
f 390/390/390 424/424/424 423/423/423
f 390/390/390 391/391/391 424/424/424
f 391/391/391 425/425/425 424/424/424
f 391/391/391 392/392/392 425/425/425
f 392/392/392 426/426/426 425/425/425
f 392/392/392 393/393/393 426/426/426
f 393/393/393 427/427/427 426/426/426
f 393/393/393 394/394/394 427/427/427
f 394/394/394 428/428/428 427/427/427
f 394/394/394 395/395/395 428/428/428
f 395/395/395 429/429/429 428/428/428
f 395/395/395 396/396/396 429/429/429
f 397/397/397 431/431/431 430/430/430
f 397/397/397 398/398/398 431/431/431
f 398/398/398 432/432/432 431/431/431
f 398/398/398 399/399/399 432/432/432
f 399/399/399 433/433/433 432/432/432
f 399/399/399 400/400/400 433/433/433
f 400/400/400 434/434/434 433/433/433
f 400/400/400 401/401/401 434/434/434
f 401/401/401 435/435/435 434/434/434
f 401/401/401 402/402/402 435/435/435
f 402/402/402 436/436/436 435/435/435
f 402/402/402 403/403/403 436/436/436
f 403/403/403 437/437/437 436/436/436
f 403/403/403 404/404/404 437/437/437
f 404/404/404 438/438/438 437/437/437
f 404/404/404 405/405/405 438/438/438
f 405/405/405 439/439/439 438/438/438
f 405/405/405 406/406/406 439/439/439
f 406/406/406 440/440/440 439/439/439
f 406/406/406 407/407/407 440/440/440
f 407/407/407 441/441/441 440/440/440
f 407/407/407 408/408/408 441/441/441
f 408/408/408 442/442/442 441/441/441
f 408/408/408 409/409/409 442/442/442
f 409/409/409 443/443/443 442/442/442
f 409/409/409 410/410/410 443/443/443
f 410/410/410 444/444/444 443/443/443
f 410/410/410 411/411/411 444/444/444
f 411/411/411 445/445/445 444/444/444
f 411/411/411 412/412/412 445/445/445
f 412/412/412 446/446/446 445/445/445
f 412/412/412 413/413/413 446/446/446
f 413/413/413 447/447/447 446/446/446
f 413/413/413 414/414/414 447/447/447
f 414/414/414 448/448/448 447/447/447
f 414/414/414 415/415/415 448/448/448
f 415/415/415 449/449/449 448/448/448
f 415/415/415 416/416/416 449/449/449
f 416/416/416 450/450/450 449/449/449
f 416/416/416 417/417/417 450/450/450
f 417/417/417 451/451/451 450/450/450
f 417/417/417 418/418/418 451/451/451
f 418/418/418 452/452/452 451/451/451
f 418/418/418 419/419/419 452/452/452
f 419/419/419 453/453/453 452/452/452
f 419/419/419 420/420/420 453/453/453
f 420/420/420 454/454/454 453/453/453
f 420/420/420 421/421/421 454/454/454
f 421/421/421 455/455/455 454/454/454
f 421/421/421 422/422/422 455/455/455
f 422/422/422 456/456/456 455/455/455
f 422/422/422 423/423/423 456/456/456
f 423/423/423 457/457/457 456/456/456
f 423/423/423 424/424/424 457/457/457
f 424/424/424 458/458/458 457/457/457
f 424/424/424 425/425/425 458/458/458
f 425/425/425 459/459/459 458/458/458
f 425/425/425 426/426/426 459/459/459
f 426/426/426 460/460/460 459/459/459
f 426/426/426 427/427/427 460/460/460
f 427/427/427 461/461/461 460/460/460
f 427/427/427 428/428/428 461/461/461
f 428/428/428 462/462/462 461/461/461
f 428/428/428 429/429/429 462/462/462
f 430/430/430 464/464/464 463/463/463
f 430/430/430 431/431/431 464/464/464
f 431/431/431 465/465/465 464/464/464
f 431/431/431 432/432/432 465/465/465
f 432/432/432 466/466/466 465/465/465
f 432/432/432 433/433/433 466/466/466
f 433/433/433 467/467/467 466/466/466
f 433/433/433 434/434/434 467/467/467
f 434/434/434 468/468/468 467/467/467
f 434/434/434 435/435/435 468/468/468
f 435/435/435 469/469/469 468/468/468
f 435/435/435 436/436/436 469/469/469
f 436/436/436 470/470/470 469/469/469
f 436/436/436 437/437/437 470/470/470
f 437/437/437 471/471/471 470/470/470
f 437/437/437 438/438/438 471/471/471
f 438/438/438 472/472/472 471/471/471
f 438/438/438 439/439/439 472/472/472
f 439/439/439 473/473/473 472/472/472
f 439/439/439 440/440/440 473/473/473
f 440/440/440 474/474/474 473/473/473
f 440/440/440 441/441/441 474/474/474
f 441/441/441 475/475/475 474/474/474
f 441/441/441 442/442/442 475/475/475
f 442/442/442 476/476/476 475/475/475
f 442/442/442 443/443/443 476/476/476
f 443/443/443 477/477/477 476/476/476
f 443/443/443 444/444/444 477/477/477
f 444/444/444 478/478/478 477/477/477
f 444/444/444 445/445/445 478/478/478
f 445/445/445 479/479/479 478/478/478
f 445/445/445 446/446/446 479/479/479
f 446/446/446 480/480/480 479/479/479
f 446/446/446 447/447/447 480/480/480
f 447/447/447 481/481/481 480/480/480
f 447/447/447 448/448/448 481/481/481
f 448/448/448 482/482/482 481/481/481
f 448/448/448 449/449/449 482/482/482
f 449/449/449 483/483/483 482/482/482
f 449/449/449 450/450/450 483/483/483
f 450/450/450 484/484/484 483/483/483
f 450/450/450 451/451/451 484/484/484
f 451/451/451 485/485/485 484/484/484
f 451/451/451 452/452/452 485/485/485
f 452/452/452 486/486/486 485/485/485
f 452/452/452 453/453/453 486/486/486
f 453/453/453 487/487/487 486/486/486
f 453/453/453 454/454/454 487/487/487
f 454/454/454 488/488/488 487/487/487
f 454/454/454 455/455/455 488/488/488
f 455/455/455 489/489/489 488/488/488
f 455/455/455 456/456/456 489/489/489
f 456/456/456 490/490/490 489/489/489
f 456/456/456 457/457/457 490/490/490
f 457/457/457 491/491/491 490/490/490
f 457/457/457 458/458/458 491/491/491
f 458/458/458 492/492/492 491/491/491
f 458/458/458 459/459/459 492/492/492
f 459/459/459 493/493/493 492/492/492
f 459/459/459 460/460/460 493/493/493
f 460/460/460 494/494/494 493/493/493
f 460/460/460 461/461/461 494/494/494
f 461/461/461 495/495/495 494/494/494
f 461/461/461 462/462/462 495/495/495
f 463/463/463 497/497/497 496/496/496
f 463/463/463 464/464/464 497/497/497
f 464/464/464 498/498/498 497/497/497
f 464/464/464 465/465/465 498/498/498
f 465/465/465 499/499/499 498/498/498
f 465/465/465 466/466/466 499/499/499
f 466/466/466 500/500/500 499/499/499
f 466/466/466 467/467/467 500/500/500
f 467/467/467 501/501/501 500/500/500
f 467/467/467 468/468/468 501/501/501
f 468/468/468 502/502/502 501/501/501
f 468/468/468 469/469/469 502/502/502
f 469/469/469 503/503/503 502/502/502
f 469/469/469 470/470/470 503/503/503
f 470/470/470 504/504/504 503/503/503
f 470/470/470 471/471/471 504/504/504
f 471/471/471 505/505/505 504/504/504
f 471/471/471 472/472/472 505/505/505
f 472/472/472 506/506/506 505/505/505
f 472/472/472 473/473/473 506/506/506
f 473/473/473 507/507/507 506/506/506
f 473/473/473 474/474/474 507/507/507
f 474/474/474 508/508/508 507/507/507
f 474/474/474 475/475/475 508/508/508
f 475/475/475 509/509/509 508/508/508
f 475/475/475 476/476/476 509/509/509
f 476/476/476 510/510/510 509/509/509
f 476/476/476 477/477/477 510/510/510
f 477/477/477 511/511/511 510/510/510
f 477/477/477 478/478/478 511/511/511
f 478/478/478 512/512/512 511/511/511
f 478/478/478 479/479/479 512/512/512
f 479/479/479 513/513/513 512/512/512
f 479/479/479 480/480/480 513/513/513
f 480/480/480 514/514/514 513/513/513
f 480/480/480 481/481/481 514/514/514
f 481/481/481 515/515/515 514/514/514
f 481/481/481 482/482/482 515/515/515
f 482/482/482 516/516/516 515/515/515
f 482/482/482 483/483/483 516/516/516
f 483/483/483 517/517/517 516/516/516
f 483/483/483 484/484/484 517/517/517
f 484/484/484 518/518/518 517/517/517
f 484/484/484 485/485/485 518/518/518
f 485/485/485 519/519/519 518/518/518
f 485/485/485 486/486/486 519/519/519
f 486/486/486 520/520/520 519/519/519
f 486/486/486 487/487/487 520/520/520
f 487/487/487 521/521/521 520/520/520
f 487/487/487 488/488/488 521/521/521
f 488/488/488 522/522/522 521/521/521
f 488/488/488 489/489/489 522/522/522
f 489/489/489 523/523/523 522/522/522
f 489/489/489 490/490/490 523/523/523
f 490/490/490 524/524/524 523/523/523
f 490/490/490 491/491/491 524/524/524
f 491/491/491 525/525/525 524/524/524
f 491/491/491 492/492/492 525/525/525
f 492/492/492 526/526/526 525/525/525
f 492/492/492 493/493/493 526/526/526
f 493/493/493 527/527/527 526/526/526
f 493/493/493 494/494/494 527/527/527
f 494/494/494 528/528/528 527/527/527
f 494/494/494 495/495/495 528/528/528
f 496/496/496 530/530/530 529/529/529
f 496/496/496 497/497/497 530/530/530
f 497/497/497 531/531/531 530/530/530
f 497/497/497 498/498/498 531/531/531
f 498/498/498 532/532/532 531/531/531
f 498/498/498 499/499/499 532/532/532
f 499/499/499 533/533/533 532/532/532
f 499/499/499 500/500/500 533/533/533
f 500/500/500 534/534/534 533/533/533
f 500/500/500 501/501/501 534/534/534
f 501/501/501 535/535/535 534/534/534
f 501/501/501 502/502/502 535/535/535
f 502/502/502 536/536/536 535/535/535
f 502/502/502 503/503/503 536/536/536
f 503/503/503 537/537/537 536/536/536
f 503/503/503 504/504/504 537/537/537
f 504/504/504 538/538/538 537/537/537
f 504/504/504 505/505/505 538/538/538
f 505/505/505 539/539/539 538/538/538
f 505/505/505 506/506/506 539/539/539
f 506/506/506 540/540/540 539/539/539
f 506/506/506 507/507/507 540/540/540
f 507/507/507 541/541/541 540/540/540
f 507/507/507 508/508/508 541/541/541
f 508/508/508 542/542/542 541/541/541
f 508/508/508 509/509/509 542/542/542
f 509/509/509 543/543/543 542/542/542
f 509/509/509 510/510/510 543/543/543
f 510/510/510 544/544/544 543/543/543
f 510/510/510 511/511/511 544/544/544
f 511/511/511 545/545/545 544/544/544
f 511/511/511 512/512/512 545/545/545
f 512/512/512 546/546/546 545/545/545
f 512/512/512 513/513/513 546/546/546
f 513/513/513 547/547/547 546/546/546
f 513/513/513 514/514/514 547/547/547
f 514/514/514 548/548/548 547/547/547
f 514/514/514 515/515/515 548/548/548
f 515/515/515 549/549/549 548/548/548
f 515/515/515 516/516/516 549/549/549
f 516/516/516 550/550/550 549/549/549
f 516/516/516 517/517/517 550/550/550
f 517/517/517 551/551/551 550/550/550
f 517/517/517 518/518/518 551/551/551
f 518/518/518 552/552/552 551/551/551
f 518/518/518 519/519/519 552/552/552
f 519/519/519 553/553/553 552/552/552
f 519/519/519 520/520/520 553/553/553
f 520/520/520 554/554/554 553/553/553
f 520/520/520 521/521/521 554/554/554
f 521/521/521 555/555/555 554/554/554
f 521/521/521 522/522/522 555/555/555
f 522/522/522 556/556/556 555/555/555
f 522/522/522 523/523/523 556/556/556
f 523/523/523 557/557/557 556/556/556
f 523/523/523 524/524/524 557/557/557
f 524/524/524 558/558/558 557/557/557
f 524/524/524 525/525/525 558/558/558
f 525/525/525 559/559/559 558/558/558
f 525/525/525 526/526/526 559/559/559
f 526/526/526 560/560/560 559/559/559
f 526/526/526 527/527/527 560/560/560
f 527/527/527 561/561/561 560/560/560
f 527/527/527 528/528/528 561/561/561
f 529/529/529 563/563/563 562/562/562
f 529/529/529 530/530/530 563/563/563
f 530/530/530 564/564/564 563/563/563
f 530/530/530 531/531/531 564/564/564
f 531/531/531 565/565/565 564/564/564
f 531/531/531 532/532/532 565/565/565
f 532/532/532 566/566/566 565/565/565
f 532/532/532 533/533/533 566/566/566
f 533/533/533 567/567/567 566/566/566
f 533/533/533 534/534/534 567/567/567
f 534/534/534 568/568/568 567/567/567
f 534/534/534 535/535/535 568/568/568
f 535/535/535 569/569/569 568/568/568
f 535/535/535 536/536/536 569/569/569
f 536/536/536 570/570/570 569/569/569
f 536/536/536 537/537/537 570/570/570
f 537/537/537 571/571/571 570/570/570
f 537/537/537 538/538/538 571/571/571
f 538/538/538 572/572/572 571/571/571
f 538/538/538 539/539/539 572/572/572
f 539/539/539 573/573/573 572/572/572
f 539/539/539 540/540/540 573/573/573
f 540/540/540 574/574/574 573/573/573
f 540/540/540 541/541/541 574/574/574
f 541/541/541 575/575/575 574/574/574
f 541/541/541 542/542/542 575/575/575
f 542/542/542 576/576/576 575/575/575
f 542/542/542 543/543/543 576/576/576
f 543/543/543 577/577/577 576/576/576
f 543/543/543 544/544/544 577/577/577
f 544/544/544 578/578/578 577/577/577
f 544/544/544 545/545/545 578/578/578
f 545/545/545 579/579/579 578/578/578
f 545/545/545 546/546/546 579/579/579
f 546/546/546 580/580/580 579/579/579
f 546/546/546 547/547/547 580/580/580
f 547/547/547 581/581/581 580/580/580
f 547/547/547 548/548/548 581/581/581
f 548/548/548 582/582/582 581/581/581
f 548/548/548 549/549/549 582/582/582
f 549/549/549 583/583/583 582/582/582
f 549/549/549 550/550/550 583/583/583
f 550/550/550 584/584/584 583/583/583
f 550/550/550 551/551/551 584/584/584
f 551/551/551 585/585/585 584/584/584
f 551/551/551 552/552/552 585/585/585
f 552/552/552 586/586/586 585/585/585
f 552/552/552 553/553/553 586/586/586
f 553/553/553 587/587/587 586/586/586
f 553/553/553 554/554/554 587/587/587
f 554/554/554 588/588/588 587/587/587
f 554/554/554 555/555/555 588/588/588
f 555/555/555 589/589/589 588/588/588
f 555/555/555 556/556/556 589/589/589
f 556/556/556 590/590/590 589/589/589
f 556/556/556 557/557/557 590/590/590
f 557/557/557 591/591/591 590/590/590
f 557/557/557 558/558/558 591/591/591
f 558/558/558 592/592/592 591/591/591
f 558/558/558 559/559/559 592/592/592
f 559/559/559 593/593/593 592/592/592
f 559/559/559 560/560/560 593/593/593
f 560/560/560 594/594/594 593/593/593
f 560/560/560 561/561/561 594/594/594
f 562/562/562 596/596/596 595/595/595
f 562/562/562 563/563/563 596/596/596
f 563/563/563 597/597/597 596/596/596
f 563/563/563 564/564/564 597/597/597
f 564/564/564 598/598/598 597/597/597
f 564/564/564 565/565/565 598/598/598
f 565/565/565 599/599/599 598/598/598
f 565/565/565 566/566/566 599/599/599
f 566/566/566 600/600/600 599/599/599
f 566/566/566 567/567/567 600/600/600
f 567/567/567 601/601/601 600/600/600
f 567/567/567 568/568/568 601/601/601
f 568/568/568 602/602/602 601/601/601
f 568/568/568 569/569/569 602/602/602
f 569/569/569 603/603/603 602/602/602
f 569/569/569 570/570/570 603/603/603
f 570/570/570 604/604/604 603/603/603
f 570/570/570 571/571/571 604/604/604
f 571/571/571 605/605/605 604/604/604
f 571/571/571 572/572/572 605/605/605
f 572/572/572 606/606/606 605/605/605
f 572/572/572 573/573/573 606/606/606
f 573/573/573 607/607/607 606/606/606
f 573/573/573 574/574/574 607/607/607
f 574/574/574 608/608/608 607/607/607
f 574/574/574 575/575/575 608/608/608
f 575/575/575 609/609/609 608/608/608
f 575/575/575 576/576/576 609/609/609
f 576/576/576 610/610/610 609/609/609
f 576/576/576 577/577/577 610/610/610
f 577/577/577 611/611/611 610/610/610
f 577/577/577 578/578/578 611/611/611
f 578/578/578 612/612/612 611/611/611
f 578/578/578 579/579/579 612/612/612
f 579/579/579 613/613/613 612/612/612
f 579/579/579 580/580/580 613/613/613
f 580/580/580 614/614/614 613/613/613
f 580/580/580 581/581/581 614/614/614
f 581/581/581 615/615/615 614/614/614
f 581/581/581 582/582/582 615/615/615
f 582/582/582 616/616/616 615/615/615
f 582/582/582 583/583/583 616/616/616
f 583/583/583 617/617/617 616/616/616
f 583/583/583 584/584/584 617/617/617
f 584/584/584 618/618/618 617/617/617
f 584/584/584 585/585/585 618/618/618
f 585/585/585 619/619/619 618/618/618
f 585/585/585 586/586/586 619/619/619
f 586/586/586 620/620/620 619/619/619
f 586/586/586 587/587/587 620/620/620
f 587/587/587 621/621/621 620/620/620
f 587/587/587 588/588/588 621/621/621
f 588/588/588 622/622/622 621/621/621
f 588/588/588 589/589/589 622/622/622
f 589/589/589 623/623/623 622/622/622
f 589/589/589 590/590/590 623/623/623
f 590/590/590 624/624/624 623/623/623
f 590/590/590 591/591/591 624/624/624
f 591/591/591 625/625/625 624/624/624
f 591/591/591 592/592/592 625/625/625
f 592/592/592 626/626/626 625/625/625
f 592/592/592 593/593/593 626/626/626
f 593/593/593 627/627/627 626/626/626
f 593/593/593 594/594/594 627/627/627
f 595/595/595 629/629/629 628/628/628
f 595/595/595 596/596/596 629/629/629
f 596/596/596 630/630/630 629/629/629
f 596/596/596 597/597/597 630/630/630
f 597/597/597 631/631/631 630/630/630
f 597/597/597 598/598/598 631/631/631
f 598/598/598 632/632/632 631/631/631
f 598/598/598 599/599/599 632/632/632
f 599/599/599 633/633/633 632/632/632
f 599/599/599 600/600/600 633/633/633
f 600/600/600 634/634/634 633/633/633
f 600/600/600 601/601/601 634/634/634
f 601/601/601 635/635/635 634/634/634
f 601/601/601 602/602/602 635/635/635
f 602/602/602 636/636/636 635/635/635
f 602/602/602 603/603/603 636/636/636
f 603/603/603 637/637/637 636/636/636
f 603/603/603 604/604/604 637/637/637
f 604/604/604 638/638/638 637/637/637
f 604/604/604 605/605/605 638/638/638
f 605/605/605 639/639/639 638/638/638
f 605/605/605 606/606/606 639/639/639
f 606/606/606 640/640/640 639/639/639
f 606/606/606 607/607/607 640/640/640
f 607/607/607 641/641/641 640/640/640
f 607/607/607 608/608/608 641/641/641
f 608/608/608 642/642/642 641/641/641
f 608/608/608 609/609/609 642/642/642
f 609/609/609 643/643/643 642/642/642
f 609/609/609 610/610/610 643/643/643
f 610/610/610 644/644/644 643/643/643
f 610/610/610 611/611/611 644/644/644
f 611/611/611 645/645/645 644/644/644
f 611/611/611 612/612/612 645/645/645
f 612/612/612 646/646/646 645/645/645
f 612/612/612 613/613/613 646/646/646
f 613/613/613 647/647/647 646/646/646
f 613/613/613 614/614/614 647/647/647
f 614/614/614 648/648/648 647/647/647
f 614/614/614 615/615/615 648/648/648
f 615/615/615 649/649/649 648/648/648
f 615/615/615 616/616/616 649/649/649
f 616/616/616 650/650/650 649/649/649
f 616/616/616 617/617/617 650/650/650
f 617/617/617 651/651/651 650/650/650
f 617/617/617 618/618/618 651/651/651
f 618/618/618 652/652/652 651/651/651
f 618/618/618 619/619/619 652/652/652
f 619/619/619 653/653/653 652/652/652
f 619/619/619 620/620/620 653/653/653
f 620/620/620 654/654/654 653/653/653
f 620/620/620 621/621/621 654/654/654
f 621/621/621 655/655/655 654/654/654
f 621/621/621 622/622/622 655/655/655
f 622/622/622 656/656/656 655/655/655
f 622/622/622 623/623/623 656/656/656
f 623/623/623 657/657/657 656/656/656
f 623/623/623 624/624/624 657/657/657
f 624/624/624 658/658/658 657/657/657
f 624/624/624 625/625/625 658/658/658
f 625/625/625 659/659/659 658/658/658
f 625/625/625 626/626/626 659/659/659
f 626/626/626 660/660/660 659/659/659
f 626/626/626 627/627/627 660/660/660
f 628/628/628 629/629/629 661/661/661
f 629/629/629 630/630/630 662/662/662
f 630/630/630 631/631/631 663/663/663
f 631/631/631 632/632/632 664/664/664
f 632/632/632 633/633/633 665/665/665
f 633/633/633 634/634/634 666/666/666
f 634/634/634 635/635/635 667/667/667
f 635/635/635 636/636/636 668/668/668
f 636/636/636 637/637/637 669/669/669
f 637/637/637 638/638/638 670/670/670
f 638/638/638 639/639/639 671/671/671
f 639/639/639 640/640/640 672/672/672
f 640/640/640 641/641/641 673/673/673
f 641/641/641 642/642/642 674/674/674
f 642/642/642 643/643/643 675/675/675
f 643/643/643 644/644/644 676/676/676
f 644/644/644 645/645/645 677/677/677
f 645/645/645 646/646/646 678/678/678
f 646/646/646 647/647/647 679/679/679
f 647/647/647 648/648/648 680/680/680
f 648/648/648 649/649/649 681/681/681
f 649/649/649 650/650/650 682/682/682
f 650/650/650 651/651/651 683/683/683
f 651/651/651 652/652/652 684/684/684
f 652/652/652 653/653/653 685/685/685
f 653/653/653 654/654/654 686/686/686
f 654/654/654 655/655/655 687/687/687
f 655/655/655 656/656/656 688/688/688
f 656/656/656 657/657/657 689/689/689
f 657/657/657 658/658/658 690/690/690
f 658/658/658 659/659/659 691/691/691
f 659/659/659 660/660/660 692/692/692
f 694/694/694 696/696/696 695/695/695
f 697/697/697 699/699/699 698/698/698
f 700/700/700 702/702/702 701/701/701
f 703/703/703 705/705/705 704/704/704
f 706/706/706 708/708/708 707/707/707
f 709/709/709 711/711/711 710/710/710
f 712/712/712 714/714/714 713/713/713
f 715/715/715 717/717/717 716/716/716
f 718/718/718 720/720/720 719/719/719
f 721/721/721 723/723/723 722/722/722
f 724/724/724 726/726/726 725/725/725
f 727/727/727 729/729/729 728/728/728
f 730/730/730 732/732/732 731/731/731
f 733/733/733 735/735/735 734/734/734
f 736/736/736 738/738/738 737/737/737
f 739/739/739 741/741/741 740/740/740
f 742/742/742 744/744/744 743/743/743
f 745/745/745 747/747/747 746/746/746
f 748/748/748 750/750/750 749/749/749
f 751/751/751 753/753/753 752/752/752
f 754/754/754 756/756/756 755/755/755
f 757/757/757 759/759/759 758/758/758
f 760/760/760 762/762/762 761/761/761
f 763/763/763 765/765/765 764/764/764
f 766/766/766 768/768/768 767/767/767
f 769/769/769 771/771/771 770/770/770
f 772/772/772 774/774/774 773/773/773
f 775/775/775 777/777/777 776/776/776
f 778/778/778 780/780/780 779/779/779
f 781/781/781 783/783/783 782/782/782
f 784/784/784 786/786/786 785/785/785
f 787/787/787 789/789/789 788/788/788
f 790/790/790 792/792/792 791/791/791
f 793/793/793 795/795/795 794/794/794
f 796/796/796 798/798/798 797/797/797
f 799/799/799 801/801/801 800/800/800
f 802/802/802 804/804/804 803/803/803
f 805/805/805 807/807/807 806/806/806
f 808/808/808 810/810/810 809/809/809
f 811/811/811 813/813/813 812/812/812
f 814/814/814 816/816/816 815/815/815
f 817/817/817 819/819/819 818/818/818
f 820/820/820 822/822/822 821/821/821
f 823/823/823 825/825/825 824/824/824
f 826/826/826 828/828/828 827/827/827
f 829/829/829 831/831/831 830/830/830
f 832/832/832 834/834/834 833/833/833
f 835/835/835 837/837/837 836/836/836
f 838/838/838 840/840/840 839/839/839
f 841/841/841 843/843/843 842/842/842
f 844/844/844 846/846/846 845/845/845
f 847/847/847 849/849/849 848/848/848
f 850/850/850 852/852/852 851/851/851
f 853/853/853 855/855/855 854/854/854
f 856/856/856 858/858/858 857/857/857
f 859/859/859 861/861/861 860/860/860
f 862/862/862 864/864/864 863/863/863
f 865/865/865 867/867/867 866/866/866
f 868/868/868 870/870/870 869/869/869
f 871/871/871 873/873/873 872/872/872
f 874/874/874 876/876/876 875/875/875
f 877/877/877 879/879/879 878/878/878
f 880/880/880 882/882/882 881/881/881
f 883/883/883 885/885/885 884/884/884
f 886/886/886 888/888/888 887/887/887
f 889/889/889 891/891/891 890/890/890
f 892/892/892 894/894/894 893/893/893
f 895/895/895 897/897/897 896/896/896
f 898/898/898 900/900/900 899/899/899
f 901/901/901 903/903/903 902/902/902
f 904/904/904 906/906/906 905/905/905
f 907/907/907 909/909/909 908/908/908
f 910/910/910 912/912/912 911/911/911
f 913/913/913 915/915/915 914/914/914
f 916/916/916 918/918/918 917/917/917
f 919/919/919 921/921/921 920/920/920
f 922/922/922 924/924/924 923/923/923
f 925/925/925 927/927/927 926/926/926
f 928/928/928 930/930/930 929/929/929
f 931/931/931 933/933/933 932/932/932
f 934/934/934 936/936/936 935/935/935
f 937/937/937 939/939/939 938/938/938
f 940/940/940 942/942/942 941/941/941
f 943/943/943 945/945/945 944/944/944
f 946/946/946 948/948/948 947/947/947
f 949/949/949 951/951/951 950/950/950
f 952/952/952 954/954/954 953/953/953
f 955/955/955 957/957/957 956/956/956
f 958/958/958 960/960/960 959/959/959
f 961/961/961 963/963/963 962/962/962
f 964/964/964 966/966/966 965/965/965
f 967/967/967 969/969/969 968/968/968
f 970/970/970 972/972/972 971/971/971
f 973/973/973 975/975/975 974/974/974
f 976/976/976 978/978/978 977/977/977
f 979/979/979 981/981/981 980/980/980
f 982/982/982 984/984/984 983/983/983
f 985/985/985 987/987/987 986/986/986
f 988/988/988 990/990/990 989/989/989
f 991/991/991 993/993/993 992/992/992
f 994/994/994 996/996/996 995/995/995
f 997/997/997 999/999/999 998/998/998
f 1000/1000/1000 1002/1002/1002 1001/1001/1001
f 1003/1003/1003 1005/1005/1005 1004/1004/1004
f 1006/1006/1006 1008/1008/1008 1007/1007/1007
f 1009/1009/1009 1011/1011/1011 1010/1010/1010
f 1012/1012/1012 1014/1014/1014 1013/1013/1013
f 1015/1015/1015 1017/1017/1017 1016/1016/1016
f 1018/1018/1018 1020/1020/1020 1019/1019/1019
f 1021/1021/1021 1023/1023/1023 1022/1022/1022
f 1024/1024/1024 1026/1026/1026 1025/1025/1025
f 1027/1027/1027 1029/1029/1029 1028/1028/1028
